chain_code,chain_name,enabled,source_type,source_url,source_tags,payment_tags,first_seen_at,last_seen_at,deleted_at,notes
,ANA DUTY FREE SHOP,FALSE,review_needed,https://www.smart-code.jp/shoplist/,smart_code_site,smart_code,2026-03-14,2026-03-14,,Auto-added from Smart Code section: 空港施設
,ANA FESTA,FALSE,review_needed,https://www.smart-code.jp/shoplist/,smart_code_site,smart_code,2026-03-14,2026-03-14,,Auto-added from Smart Code section: 空港施設
,ANAクラウンプラザホテル富山,FALSE,review_needed,https://www.smart-code.jp/shoplist/,smart_code_site,smart_code,2026-03-14,2026-03-14,,Auto-added from Smart Code section: 宿泊施設
,A－プライス,FALSE,review_needed,https://www.smart-code.jp/shoplist/,smart_code_site,smart_code,2026-03-14,2026-03-14,,Auto-added from Smart Code section: スーパーマーケット・ホームセンター
,Bettie64,FALSE,review_needed,https://www.smart-code.jp/shoplist/,smart_code_site,smart_code,2026-03-14,2026-03-14,,Auto-added from Smart Code section: グルメ
,C one,FALSE,review_needed,https://www.smart-code.jp/shoplist/,smart_code_site,smart_code,2026-03-14,2026-03-14,,Auto-added from Smart Code section: 百貨店・モール
,CAFE&BAKERY MIYABI,FALSE,review_needed,https://www.smart-code.jp/shoplist/,smart_code_site,smart_code,2026-03-14,2026-03-14,,Auto-added from Smart Code section: グルメ
,CoCo壱番屋,FALSE,review_needed,https://www.smart-code.jp/shoplist/,smart_code_site,smart_code,2026-03-14,2026-03-14,,Auto-added from Smart Code section: グルメ
,DIFFERENCE,FALSE,review_needed,https://www.smart-code.jp/shoplist/,smart_code_site,smart_code,2026-03-14,2026-03-14,,Auto-added from Smart Code section: 服飾
,Fit Care DEPOT,FALSE,review_needed,https://www.smart-code.jp/shoplist/,smart_code_site,smart_code,2026-03-14,2026-03-14,,Auto-added from Smart Code section: ドラッグストア・薬局
,Fit Care Express,FALSE,review_needed,https://www.smart-code.jp/shoplist/,smart_code_site,smart_code,2026-03-14,2026-03-14,,Auto-added from Smart Code section: ドラッグストア・薬局
,Fit Care MART,FALSE,review_needed,https://www.smart-code.jp/shoplist/,smart_code_site,smart_code,2026-03-14,2026-03-14,,Auto-added from Smart Code section: ドラッグストア・薬局
,HAC,FALSE,review_needed,https://www.smart-code.jp/shoplist/,smart_code_site,smart_code,2026-03-14,2026-03-14,,Auto-added from Smart Code section: ドラッグストア・薬局
,KENFORD,FALSE,review_needed,https://www.smart-code.jp/shoplist/,smart_code_site,smart_code,2026-03-14,2026-03-14,,Auto-added from Smart Code section: 服飾
,KINSHO／Harves,FALSE,review_needed,https://www.smart-code.jp/shoplist/,smart_code_site,smart_code,2026-03-14,2026-03-14,,Auto-added from Smart Code section: スーパーマーケット・ホームセンター
,KiKi京橋,FALSE,review_needed,https://www.smart-code.jp/shoplist/,smart_code_site,smart_code,2026-03-14,2026-03-14,,Auto-added from Smart Code section: 百貨店・モール
lawson,LAWSON,TRUE,manual,https://www.smart-code.jp/shoplist/,smart_code_site,smart_code,2026-03-14,2026-03-14,,Smart Code対応チェーンの初期サンプル
,P.S.FA,FALSE,review_needed,https://www.smart-code.jp/shoplist/,smart_code_site,smart_code,2026-03-14,2026-03-14,,Auto-added from Smart Code section: 服飾
,PRALIVA（プラリバ）,FALSE,review_needed,https://www.smart-code.jp/shoplist/,smart_code_site,smart_code,2026-03-14,2026-03-14,,Auto-added from Smart Code section: 百貨店・モール
,Qマート,FALSE,review_needed,https://www.smart-code.jp/shoplist/,smart_code_site,smart_code,2026-03-14,2026-03-14,,Auto-added from Smart Code section: スーパーマーケット・ホームセンター
,REGAL,FALSE,review_needed,https://www.smart-code.jp/shoplist/,smart_code_site,smart_code,2026-03-14,2026-03-14,,Auto-added from Smart Code section: 服飾
,REGAL SHOE & co.,FALSE,review_needed,https://www.smart-code.jp/shoplist/,smart_code_site,smart_code,2026-03-14,2026-03-14,,Auto-added from Smart Code section: 服飾
,REGAL SHOES,FALSE,review_needed,https://www.smart-code.jp/shoplist/,smart_code_site,smart_code,2026-03-14,2026-03-14,,Auto-added from Smart Code section: 服飾
,REGAL TOKYO,FALSE,review_needed,https://www.smart-code.jp/shoplist/,smart_code_site,smart_code,2026-03-14,2026-03-14,,Auto-added from Smart Code section: 服飾
,SHETLAND FOX,FALSE,review_needed,https://www.smart-code.jp/shoplist/,smart_code_site,smart_code,2026-03-14,2026-03-14,,Auto-added from Smart Code section: 服飾
,SMALL WORLDS TOKYO,FALSE,review_needed,https://www.smart-code.jp/shoplist/,smart_code_site,smart_code,2026-03-14,2026-03-14,,Auto-added from Smart Code section: レジャー・アミューズメント
,SUIT SELECT,FALSE,review_needed,https://www.smart-code.jp/shoplist/,smart_code_site,smart_code,2026-03-14,2026-03-14,,Auto-added from Smart Code section: 服飾
,SUIT SQUARE,FALSE,review_needed,https://www.smart-code.jp/shoplist/,smart_code_site,smart_code,2026-03-14,2026-03-14,,Auto-added from Smart Code section: 服飾
,ShinQsビューティパレット,FALSE,review_needed,https://www.smart-code.jp/shoplist/,smart_code_site,smart_code,2026-03-14,2026-03-14,,Auto-added from Smart Code section: 百貨店・モール
,TEXMEX FACTORY,FALSE,review_needed,https://www.smart-code.jp/shoplist/,smart_code_site,smart_code,2026-03-14,2026-03-14,,Auto-added from Smart Code section: グルメ
,TGI FRIDAYS,FALSE,review_needed,https://www.smart-code.jp/shoplist/,smart_code_site,smart_code,2026-03-14,2026-03-14,,Auto-added from Smart Code section: グルメ
,THE 3RD CAFE by Standard Coffee,FALSE,review_needed,https://www.smart-code.jp/shoplist/,smart_code_site,smart_code,2026-03-14,2026-03-14,,Auto-added from Smart Code section: グルメ
,TSUTAYA,FALSE,review_needed,https://www.smart-code.jp/shoplist/,smart_code_site,smart_code,2026-03-14,2026-03-14,,Auto-added from Smart Code section: 本
,TSUTAYA BOOKSTORE,FALSE,review_needed,https://www.smart-code.jp/shoplist/,smart_code_site,smart_code,2026-03-14,2026-03-14,,Auto-added from Smart Code section: 本
,UNIVERSAL LANGUAGE,FALSE,review_needed,https://www.smart-code.jp/shoplist/,smart_code_site,smart_code,2026-03-14,2026-03-14,,Auto-added from Smart Code section: 服飾
,UNIVERSAL LANGUAGE MEASURE'S,FALSE,review_needed,https://www.smart-code.jp/shoplist/,smart_code_site,smart_code,2026-03-14,2026-03-14,,Auto-added from Smart Code section: 服飾
,V・ｄｒｕｇ,FALSE,review_needed,https://www.smart-code.jp/shoplist/,smart_code_site,smart_code,2026-03-14,2026-03-14,,Auto-added from Smart Code section: ドラッグストア・薬局
,WANG'S GARDEN,FALSE,review_needed,https://www.smart-code.jp/shoplist/,smart_code_site,smart_code,2026-03-14,2026-03-14,,Auto-added from Smart Code section: グルメ
,musée de peau,FALSE,review_needed,https://www.smart-code.jp/shoplist/,smart_code_site,smart_code,2026-03-14,2026-03-14,,Auto-added from Smart Code section: ドラッグストア・薬局
,いきなりステーキ,FALSE,review_needed,https://www.smart-code.jp/shoplist/,smart_code_site,smart_code,2026-03-14,2026-03-14,,Auto-added from Smart Code section: グルメ
,おかげ庵,FALSE,review_needed,https://www.smart-code.jp/shoplist/,smart_code_site,smart_code,2026-03-14,2026-03-14,,Auto-added from Smart Code section: グルメ
,おたる亭すすきの店,FALSE,review_needed,https://www.smart-code.jp/shoplist/,smart_code_site,smart_code,2026-03-14,2026-03-14,,Auto-added from Smart Code section: グルメ
,おたる亭本店,FALSE,review_needed,https://www.smart-code.jp/shoplist/,smart_code_site,smart_code,2026-03-14,2026-03-14,,Auto-added from Smart Code section: グルメ
,おたる別亭,FALSE,review_needed,https://www.smart-code.jp/shoplist/,smart_code_site,smart_code,2026-03-14,2026-03-14,,Auto-added from Smart Code section: グルメ
,くずはモール,FALSE,review_needed,https://www.smart-code.jp/shoplist/,smart_code_site,smart_code,2026-03-14,2026-03-14,,Auto-added from Smart Code section: 百貨店・モール
,くら寿司,FALSE,review_needed,https://www.smart-code.jp/shoplist/,smart_code_site,smart_code,2026-03-14,2026-03-14,,Auto-added from Smart Code section: グルメ
,ぐ～,FALSE,review_needed,https://www.smart-code.jp/shoplist/,smart_code_site,smart_code,2026-03-14,2026-03-14,,Auto-added from Smart Code section: グルメ
,こだわりとんかつ かつき亭,FALSE,review_needed,https://www.smart-code.jp/shoplist/,smart_code_site,smart_code,2026-03-14,2026-03-14,,Auto-added from Smart Code section: グルメ
,こだわりのれん街,FALSE,review_needed,https://www.smart-code.jp/shoplist/,smart_code_site,smart_code,2026-03-14,2026-03-14,,Auto-added from Smart Code section: グルメ
,さかなや道場,FALSE,review_needed,https://www.smart-code.jp/shoplist/,smart_code_site,smart_code,2026-03-14,2026-03-14,,Auto-added from Smart Code section: グルメ
,しゃぶ葉,FALSE,review_needed,https://www.smart-code.jp/shoplist/,smart_code_site,smart_code,2026-03-14,2026-03-14,,Auto-added from Smart Code section: グルメ
,しゃぶ食べ,FALSE,review_needed,https://www.smart-code.jp/shoplist/,smart_code_site,smart_code,2026-03-14,2026-03-14,,Auto-added from Smart Code section: グルメ
sukiya,すき家,TRUE,manual,,smart_code_site,smart_code,2026-03-14,2026-03-14,,
,すしざむらい,FALSE,review_needed,https://www.smart-code.jp/shoplist/,smart_code_site,smart_code,2026-03-14,2026-03-14,,Auto-added from Smart Code section: グルメ
,すしの和,FALSE,review_needed,https://www.smart-code.jp/shoplist/,smart_code_site,smart_code,2026-03-14,2026-03-14,,Auto-added from Smart Code section: グルメ
,すし日和,FALSE,review_needed,https://www.smart-code.jp/shoplist/,smart_code_site,smart_code,2026-03-14,2026-03-14,,Auto-added from Smart Code section: グルメ
,てもみん,FALSE,review_needed,https://www.smart-code.jp/shoplist/,smart_code_site,smart_code,2026-03-14,2026-03-14,,Auto-added from Smart Code section: その他サービス
,とをしや薬局,FALSE,review_needed,https://www.smart-code.jp/shoplist/,smart_code_site,smart_code,2026-03-14,2026-03-14,,Auto-added from Smart Code section: ドラッグストア・薬局
,なかなか,FALSE,review_needed,https://www.smart-code.jp/shoplist/,smart_code_site,smart_code,2026-03-14,2026-03-14,,Auto-added from Smart Code section: グルメ
,ならファミリー専門店街zoro,FALSE,review_needed,https://www.smart-code.jp/shoplist/,smart_code_site,smart_code,2026-03-14,2026-03-14,,Auto-added from Smart Code section: 百貨店・モール
,なんばCITY,FALSE,review_needed,https://www.smart-code.jp/shoplist/,smart_code_site,smart_code,2026-03-14,2026-03-14,,Auto-added from Smart Code section: 百貨店・モール
,なんばパークス,FALSE,review_needed,https://www.smart-code.jp/shoplist/,smart_code_site,smart_code,2026-03-14,2026-03-14,,Auto-added from Smart Code section: 百貨店・モール
,はなの舞,FALSE,review_needed,https://www.smart-code.jp/shoplist/,smart_code_site,smart_code,2026-03-14,2026-03-14,,Auto-added from Smart Code section: グルメ
,はるやま,FALSE,review_needed,https://www.smart-code.jp/shoplist/,smart_code_site,smart_code,2026-03-14,2026-03-14,,Auto-added from Smart Code section: 服飾
,ひごペットフレンドリー,FALSE,review_needed,https://www.smart-code.jp/shoplist/,smart_code_site,smart_code,2026-03-14,2026-03-14,,Auto-added from Smart Code section: その他ショッピング
,ふく薬品,FALSE,review_needed,https://www.smart-code.jp/shoplist/,smart_code_site,smart_code,2026-03-14,2026-03-14,,Auto-added from Smart Code section: ドラッグストア・薬局
,まねきねこ,FALSE,review_needed,https://www.smart-code.jp/shoplist/,smart_code_site,smart_code,2026-03-14,2026-03-14,,Auto-added from Smart Code section: レジャー・アミューズメント
,やまなか家,FALSE,review_needed,https://www.smart-code.jp/shoplist/,smart_code_site,smart_code,2026-03-14,2026-03-14,,Auto-added from Smart Code section: グルメ
,よどや,FALSE,review_needed,https://www.smart-code.jp/shoplist/,smart_code_site,smart_code,2026-03-14,2026-03-14,,Auto-added from Smart Code section: ドラッグストア・薬局
,らーめん日高,FALSE,review_needed,https://www.smart-code.jp/shoplist/,smart_code_site,smart_code,2026-03-14,2026-03-14,,Auto-added from Smart Code section: グルメ
,アイセイ薬局グループ,FALSE,review_needed,https://www.smart-code.jp/shoplist/,smart_code_site,smart_code,2026-03-14,2026-03-14,,Auto-added from Smart Code section: ドラッグストア・薬局
,アインズ&トルペ,FALSE,review_needed,https://www.smart-code.jp/shoplist/,smart_code_site,smart_code,2026-03-14,2026-03-14,,Auto-added from Smart Code section: ドラッグストア・薬局
,アストロプロダクツ,FALSE,review_needed,https://www.smart-code.jp/shoplist/,smart_code_site,smart_code,2026-03-14,2026-03-14,,Auto-added from Smart Code section: その他ショッピング
,アスピア明石,FALSE,review_needed,https://www.smart-code.jp/shoplist/,smart_code_site,smart_code,2026-03-14,2026-03-14,,Auto-added from Smart Code section: 百貨店・モール
,アドベンチャーワールド,FALSE,review_needed,https://www.smart-code.jp/shoplist/,smart_code_site,smart_code,2026-03-14,2026-03-14,,Auto-added from Smart Code section: レジャー・アミューズメント
,アルカドラッグ,FALSE,review_needed,https://www.smart-code.jp/shoplist/,smart_code_site,smart_code,2026-03-14,2026-03-14,,Auto-added from Smart Code section: ドラッグストア・薬局
,イエローハット,FALSE,review_needed,https://www.smart-code.jp/shoplist/,smart_code_site,smart_code,2026-03-14,2026-03-14,,Auto-added from Smart Code section: その他ショッピング
,イシグロ,FALSE,review_needed,https://www.smart-code.jp/shoplist/,smart_code_site,smart_code,2026-03-14,2026-03-14,,Auto-added from Smart Code section: その他ショッピング
,イトーヨーカ堂／アリオ,FALSE,review_needed,https://www.smart-code.jp/shoplist/,smart_code_site,smart_code,2026-03-14,2026-03-14,,Auto-added from Smart Code section: 百貨店・モール
,イトーヨーカ堂／イトーヨーカドー,FALSE,review_needed,https://www.smart-code.jp/shoplist/,smart_code_site,smart_code,2026-03-14,2026-03-14,,Auto-added from Smart Code section: スーパーマーケット・ホームセンター
,イトーヨーカ堂／グランツリー,FALSE,review_needed,https://www.smart-code.jp/shoplist/,smart_code_site,smart_code,2026-03-14,2026-03-14,,Auto-added from Smart Code section: 百貨店・モール
,イトーヨーカ堂／プライムツリー,FALSE,review_needed,https://www.smart-code.jp/shoplist/,smart_code_site,smart_code,2026-03-14,2026-03-14,,Auto-added from Smart Code section: 百貨店・モール
,イトーヨーカ堂／ポッポ,FALSE,review_needed,https://www.smart-code.jp/shoplist/,smart_code_site,smart_code,2026-03-14,2026-03-14,,Auto-added from Smart Code section: グルメ
,ウェンディーズ・ファーストキッチン,FALSE,review_needed,https://www.smart-code.jp/shoplist/,smart_code_site,smart_code,2026-03-14,2026-03-14,,Auto-added from Smart Code section: グルメ
welcia,ウエルシア,TRUE,manual,,smart_code_site,smart_code,2026-03-14,2026-03-14,,
,ウエルシア薬局,FALSE,review_needed,https://www.smart-code.jp/shoplist/,smart_code_site,smart_code,2026-03-14,2026-03-14,,Auto-added from Smart Code section: ドラッグストア・薬局
,エディオン,FALSE,review_needed,https://www.smart-code.jp/shoplist/,smart_code_site,smart_code,2026-03-14,2026-03-14,,Auto-added from Smart Code section: 家電
,オーケー,FALSE,review_needed,https://www.smart-code.jp/shoplist/,smart_code_site,smart_code,2026-03-14,2026-03-14,,Auto-added from Smart Code section: スーパーマーケット・ホームセンター
,オータニ,FALSE,review_needed,https://www.smart-code.jp/shoplist/,smart_code_site,smart_code,2026-03-14,2026-03-14,,Auto-added from Smart Code section: スーパーマーケット・ホームセンター
,オートバックス,FALSE,review_needed,https://www.smart-code.jp/shoplist/,smart_code_site,smart_code,2026-03-14,2026-03-14,,Auto-added from Smart Code section: その他ショッピング
,カクヤス,FALSE,review_needed,https://www.smart-code.jp/shoplist/,smart_code_site,smart_code,2026-03-14,2026-03-14,,Auto-added from Smart Code section: その他ショッピング
,カワチ薬品,FALSE,review_needed,https://www.smart-code.jp/shoplist/,smart_code_site,smart_code,2026-03-14,2026-03-14,,Auto-added from Smart Code section: ドラッグストア・薬局
,ガスト,FALSE,review_needed,https://www.smart-code.jp/shoplist/,smart_code_site,smart_code,2026-03-14,2026-03-14,,Auto-added from Smart Code section: グルメ
,キタノイチバ,FALSE,review_needed,https://www.smart-code.jp/shoplist/,smart_code_site,smart_code,2026-03-14,2026-03-14,,Auto-added from Smart Code section: グルメ
,キラリナ京王吉祥寺,FALSE,review_needed,https://www.smart-code.jp/shoplist/,smart_code_site,smart_code,2026-03-14,2026-03-14,,Auto-added from Smart Code section: 百貨店・モール
,キリンビアファーム,FALSE,review_needed,https://www.smart-code.jp/shoplist/,smart_code_site,smart_code,2026-03-14,2026-03-14,,Auto-added from Smart Code section: グルメ
,キリン堂,FALSE,review_needed,https://www.smart-code.jp/shoplist/,smart_code_site,smart_code,2026-03-14,2026-03-14,,Auto-added from Smart Code section: ドラッグストア・薬局
,クルーズクルーズ,FALSE,review_needed,https://www.smart-code.jp/shoplist/,smart_code_site,smart_code,2026-03-14,2026-03-14,,Auto-added from Smart Code section: グルメ
,グランベリーパーク,FALSE,review_needed,https://www.smart-code.jp/shoplist/,smart_code_site,smart_code,2026-03-14,2026-03-14,,Auto-added from Smart Code section: 百貨店・モール
,グローバル治療院,FALSE,review_needed,https://www.smart-code.jp/shoplist/,smart_code_site,smart_code,2026-03-14,2026-03-14,,Auto-added from Smart Code section: その他サービス
,ケンタッキーフライドチキン,FALSE,review_needed,https://www.smart-code.jp/shoplist/,smart_code_site,smart_code,2026-03-14,2026-03-14,,Auto-added from Smart Code section: グルメ
,ケーズデンキ,FALSE,review_needed,https://www.smart-code.jp/shoplist/,smart_code_site,smart_code,2026-03-14,2026-03-14,,Auto-added from Smart Code section: 家電
,コクミン,FALSE,review_needed,https://www.smart-code.jp/shoplist/,smart_code_site,smart_code,2026-03-14,2026-03-14,,Auto-added from Smart Code section: ドラッグストア・薬局
,コスメティクスアンドメディカル,FALSE,review_needed,https://www.smart-code.jp/shoplist/,smart_code_site,smart_code,2026-03-14,2026-03-14,,Auto-added from Smart Code section: ドラッグストア・薬局
,コナカ,FALSE,review_needed,https://www.smart-code.jp/shoplist/,smart_code_site,smart_code,2026-03-14,2026-03-14,,Auto-added from Smart Code section: 服飾
,コメダ珈琲店,FALSE,review_needed,https://www.smart-code.jp/shoplist/,smart_code_site,smart_code,2026-03-14,2026-03-14,,Auto-added from Smart Code section: グルメ
,コメリ,FALSE,review_needed,https://www.smart-code.jp/shoplist/,smart_code_site,smart_code,2026-03-14,2026-03-14,,Auto-added from Smart Code section: スーパーマーケット・ホームセンター
,コーナン,FALSE,review_needed,https://www.smart-code.jp/shoplist/,smart_code_site,smart_code,2026-03-14,2026-03-14,,Auto-added from Smart Code section: スーパーマーケット・ホームセンター
,サツドラ,FALSE,review_needed,https://www.smart-code.jp/shoplist/,smart_code_site,smart_code,2026-03-14,2026-03-14,,Auto-added from Smart Code section: ドラッグストア・薬局
sundrug,サンドラッグ,TRUE,manual,https://www.smart-code.jp/shoplist/,smart_code_site,smart_code,2026-03-14,2026-03-14,,
,サンプラザ,FALSE,review_needed,https://www.smart-code.jp/shoplist/,smart_code_site,smart_code,2026-03-14,2026-03-14,,Auto-added from Smart Code section: スーパーマーケット・ホームセンター
,ザ・ニッカバー,FALSE,review_needed,https://www.smart-code.jp/shoplist/,smart_code_site,smart_code,2026-03-14,2026-03-14,,Auto-added from Smart Code section: グルメ
,シェーキーズ,FALSE,review_needed,https://www.smart-code.jp/shoplist/,smart_code_site,smart_code,2026-03-14,2026-03-14,,Auto-added from Smart Code section: グルメ
,シカゴピザ,FALSE,review_needed,https://www.smart-code.jp/shoplist/,smart_code_site,smart_code,2026-03-14,2026-03-14,,Auto-added from Smart Code section: グルメ
,シズラー,FALSE,review_needed,https://www.smart-code.jp/shoplist/,smart_code_site,smart_code,2026-03-14,2026-03-14,,Auto-added from Smart Code section: グルメ
,シージャック,FALSE,review_needed,https://www.smart-code.jp/shoplist/,smart_code_site,smart_code,2026-03-14,2026-03-14,,Auto-added from Smart Code section: グルメ
,ジャパン,FALSE,review_needed,https://www.smart-code.jp/shoplist/,smart_code_site,smart_code,2026-03-14,2026-03-14,,Auto-added from Smart Code section: その他ショッピング
,ジャンカラ,FALSE,review_needed,https://www.smart-code.jp/shoplist/,smart_code_site,smart_code,2026-03-14,2026-03-14,,Auto-added from Smart Code section: レジャー・アミューズメント
,ジョイナス,FALSE,review_needed,https://www.smart-code.jp/shoplist/,smart_code_site,smart_code,2026-03-14,2026-03-14,,Auto-added from Smart Code section: 百貨店・モール
,ジョイフルエーケー,FALSE,review_needed,https://www.smart-code.jp/shoplist/,smart_code_site,smart_code,2026-03-14,2026-03-14,,Auto-added from Smart Code section: スーパーマーケット・ホームセンター
,ジョナサン,FALSE,review_needed,https://www.smart-code.jp/shoplist/,smart_code_site,smart_code,2026-03-14,2026-03-14,,Auto-added from Smart Code section: グルメ
,ジョーシン,FALSE,review_needed,https://www.smart-code.jp/shoplist/,smart_code_site,smart_code,2026-03-14,2026-03-14,,Auto-added from Smart Code section: 家電
,スギドラッグ,FALSE,review_needed,https://www.smart-code.jp/shoplist/,smart_code_site,smart_code,2026-03-14,2026-03-14,,Auto-added from Smart Code section: ドラッグストア・薬局
,スギヤマ薬品,FALSE,review_needed,https://www.smart-code.jp/shoplist/,smart_code_site,smart_code,2026-03-14,2026-03-14,,Auto-added from Smart Code section: ドラッグストア・薬局
,スギ薬局,FALSE,review_needed,https://www.smart-code.jp/shoplist/,smart_code_site,smart_code,2026-03-14,2026-03-14,,Auto-added from Smart Code section: ドラッグストア・薬局
,スシロー,FALSE,review_needed,https://www.smart-code.jp/shoplist/,smart_code_site,smart_code,2026-03-14,2026-03-14,,Auto-added from Smart Code section: グルメ
,スタンダードコーヒー,FALSE,review_needed,https://www.smart-code.jp/shoplist/,smart_code_site,smart_code,2026-03-14,2026-03-14,,Auto-added from Smart Code section: グルメ
,ステーキガスト,FALSE,review_needed,https://www.smart-code.jp/shoplist/,smart_code_site,smart_code,2026-03-14,2026-03-14,,Auto-added from Smart Code section: グルメ
,ステーキ屋松,FALSE,review_needed,https://www.smart-code.jp/shoplist/,smart_code_site,smart_code,2026-03-14,2026-03-14,,Auto-added from Smart Code section: グルメ
,スプリングバレーブルワリー,FALSE,review_needed,https://www.smart-code.jp/shoplist/,smart_code_site,smart_code,2026-03-14,2026-03-14,,Auto-added from Smart Code section: グルメ
,スーパーアルプス,FALSE,review_needed,https://www.smart-code.jp/shoplist/,smart_code_site,smart_code,2026-03-14,2026-03-14,,Auto-added from Smart Code section: スーパーマーケット・ホームセンター
,スーパードラッグ ひまわり,FALSE,review_needed,https://www.smart-code.jp/shoplist/,smart_code_site,smart_code,2026-03-14,2026-03-14,,Auto-added from Smart Code section: ドラッグストア・薬局
,スーパーマーケットバロー,FALSE,review_needed,https://www.smart-code.jp/shoplist/,smart_code_site,smart_code,2026-03-14,2026-03-14,,Auto-added from Smart Code section: スーパーマーケット・ホームセンター
,セブン-イレブン,FALSE,review_needed,https://www.smart-code.jp/shoplist/,smart_code_site,smart_code,2026-03-14,2026-03-14,,Auto-added from Smart Code section: コンビニエンスストア
,セブン＆アイフードシステムズ／デニーズ,FALSE,review_needed,https://www.smart-code.jp/shoplist/,smart_code_site,smart_code,2026-03-14,2026-03-14,,Auto-added from Smart Code section: グルメ
,セリア,FALSE,review_needed,https://www.smart-code.jp/shoplist/,smart_code_site,smart_code,2026-03-14,2026-03-14,,Auto-added from Smart Code section: その他ショッピング
,ダイナシティ,FALSE,review_needed,https://www.smart-code.jp/shoplist/,smart_code_site,smart_code,2026-03-14,2026-03-14,,Auto-added from Smart Code section: 百貨店・モール
,ダイユーエイト,FALSE,review_needed,https://www.smart-code.jp/shoplist/,smart_code_site,smart_code,2026-03-14,2026-03-14,,Auto-added from Smart Code section: スーパーマーケット・ホームセンター
,ダックス,FALSE,review_needed,https://www.smart-code.jp/shoplist/,smart_code_site,smart_code,2026-03-14,2026-03-14,,Auto-added from Smart Code section: ドラッグストア・薬局
,デコホーム,FALSE,review_needed,https://www.smart-code.jp/shoplist/,smart_code_site,smart_code,2026-03-14,2026-03-14,,Auto-added from Smart Code section: その他ショッピング
,トイザらス,FALSE,review_needed,https://www.smart-code.jp/shoplist/,smart_code_site,smart_code,2026-03-14,2026-03-14,,Auto-added from Smart Code section: その他ショッピング
,トリエ京王調布,FALSE,review_needed,https://www.smart-code.jp/shoplist/,smart_code_site,smart_code,2026-03-14,2026-03-14,,Auto-added from Smart Code section: 百貨店・モール
,ドワ,FALSE,review_needed,https://www.smart-code.jp/shoplist/,smart_code_site,smart_code,2026-03-14,2026-03-14,,Auto-added from Smart Code section: グルメ
,ナチュラルローソン,FALSE,review_needed,https://www.smart-code.jp/shoplist/,smart_code_site,smart_code,2026-03-14,2026-03-14,,Auto-added from Smart Code section: コンビニエンスストア
,ナップス,FALSE,review_needed,https://www.smart-code.jp/shoplist/,smart_code_site,smart_code,2026-03-14,2026-03-14,,Auto-added from Smart Code section: その他ショッピング
,ニッケコルトンプラザ,FALSE,review_needed,https://www.smart-code.jp/shoplist/,smart_code_site,smart_code,2026-03-14,2026-03-14,,Auto-added from Smart Code section: 百貨店・モール
,ニトリ,FALSE,review_needed,https://www.smart-code.jp/shoplist/,smart_code_site,smart_code,2026-03-14,2026-03-14,,Auto-added from Smart Code section: その他ショッピング
,ニトリホームズ,FALSE,review_needed,https://www.smart-code.jp/shoplist/,smart_code_site,smart_code,2026-03-14,2026-03-14,,Auto-added from Smart Code section: その他ショッピング
,ハイデイ日高,FALSE,review_needed,https://www.smart-code.jp/shoplist/,smart_code_site,smart_code,2026-03-14,2026-03-14,,Auto-added from Smart Code section: グルメ
,ハッピードラッグ,FALSE,review_needed,https://www.smart-code.jp/shoplist/,smart_code_site,smart_code,2026-03-14,2026-03-14,,Auto-added from Smart Code section: ドラッグストア・薬局
,バリヤス酒場,FALSE,review_needed,https://www.smart-code.jp/shoplist/,smart_code_site,smart_code,2026-03-14,2026-03-14,,Auto-added from Smart Code section: グルメ
,バーミヤン,FALSE,review_needed,https://www.smart-code.jp/shoplist/,smart_code_site,smart_code,2026-03-14,2026-03-14,,Auto-added from Smart Code section: グルメ
,パスタ・デ・ココ,FALSE,review_needed,https://www.smart-code.jp/shoplist/,smart_code_site,smart_code,2026-03-14,2026-03-14,,Auto-added from Smart Code section: グルメ
,パークショップ,FALSE,review_needed,https://www.smart-code.jp/shoplist/,smart_code_site,smart_code,2026-03-14,2026-03-14,,Auto-added from Smart Code section: グルメ
,ファミリーマート,FALSE,review_needed,https://www.smart-code.jp/shoplist/,smart_code_site,smart_code,2026-03-14,2026-03-14,,Auto-added from Smart Code section: コンビニエンスストア
,ファーストキッチン,FALSE,review_needed,https://www.smart-code.jp/shoplist/,smart_code_site,smart_code,2026-03-14,2026-03-14,,Auto-added from Smart Code section: グルメ
,ファーム富田,FALSE,review_needed,https://www.smart-code.jp/shoplist/,smart_code_site,smart_code,2026-03-14,2026-03-14,,Auto-added from Smart Code section: レジャー・アミューズメント
,フォーエル,FALSE,review_needed,https://www.smart-code.jp/shoplist/,smart_code_site,smart_code,2026-03-14,2026-03-14,,Auto-added from Smart Code section: 服飾
,フクハラ,FALSE,review_needed,https://www.smart-code.jp/shoplist/,smart_code_site,smart_code,2026-03-14,2026-03-14,,Auto-added from Smart Code section: スーパーマーケット・ホームセンター
,フタタ,FALSE,review_needed,https://www.smart-code.jp/shoplist/,smart_code_site,smart_code,2026-03-14,2026-03-14,,Auto-added from Smart Code section: 服飾
,フライングガーデン,FALSE,review_needed,https://www.smart-code.jp/shoplist/,smart_code_site,smart_code,2026-03-14,2026-03-14,,Auto-added from Smart Code section: グルメ
,フレンテ笹塚,FALSE,review_needed,https://www.smart-code.jp/shoplist/,smart_code_site,smart_code,2026-03-14,2026-03-14,,Auto-added from Smart Code section: 百貨店・モール
,フーズマーケットホック,FALSE,review_needed,https://www.smart-code.jp/shoplist/,smart_code_site,smart_code,2026-03-14,2026-03-14,,Auto-added from Smart Code section: スーパーマーケット・ホームセンター
,プリン本舗すすきの店,FALSE,review_needed,https://www.smart-code.jp/shoplist/,smart_code_site,smart_code,2026-03-14,2026-03-14,,Auto-added from Smart Code section: グルメ
,ベストホーム,FALSE,review_needed,https://www.smart-code.jp/shoplist/,smart_code_site,smart_code,2026-03-14,2026-03-14,,Auto-added from Smart Code section: スーパーマーケット・ホームセンター
,ベストム,FALSE,review_needed,https://www.smart-code.jp/shoplist/,smart_code_site,smart_code,2026-03-14,2026-03-14,,Auto-added from Smart Code section: スーパーマーケット・ホームセンター
,ベニーレベニーレ,FALSE,review_needed,https://www.smart-code.jp/shoplist/,smart_code_site,smart_code,2026-03-14,2026-03-14,,Auto-added from Smart Code section: グルメ
,ベビーザらス,FALSE,review_needed,https://www.smart-code.jp/shoplist/,smart_code_site,smart_code,2026-03-14,2026-03-14,,Auto-added from Smart Code section: その他ショッピング
,ベルジョイス,FALSE,review_needed,https://www.smart-code.jp/shoplist/,smart_code_site,smart_code,2026-03-14,2026-03-14,,Auto-added from Smart Code section: スーパーマーケット・ホームセンター
,ペットフォレスト,FALSE,review_needed,https://www.smart-code.jp/shoplist/,smart_code_site,smart_code,2026-03-14,2026-03-14,,Auto-added from Smart Code section: その他ショッピング
,ペットワールドアミーゴ,FALSE,review_needed,https://www.smart-code.jp/shoplist/,smart_code_site,smart_code,2026-03-14,2026-03-14,,Auto-added from Smart Code section: その他ショッピング
,ホテルα-1 グループ,FALSE,review_needed,https://www.smart-code.jp/shoplist/,smart_code_site,smart_code,2026-03-14,2026-03-14,,Auto-added from Smart Code section: 宿泊施設
,ホテルニューオータニ大阪,FALSE,review_needed,https://www.smart-code.jp/shoplist/,smart_code_site,smart_code,2026-03-14,2026-03-14,,Auto-added from Smart Code section: 宿泊施設
,ホルモン食堂 食樂,FALSE,review_needed,https://www.smart-code.jp/shoplist/,smart_code_site,smart_code,2026-03-14,2026-03-14,,Auto-added from Smart Code section: グルメ
,ホームセンターバロー,FALSE,review_needed,https://www.smart-code.jp/shoplist/,smart_code_site,smart_code,2026-03-14,2026-03-14,,Auto-added from Smart Code section: スーパーマーケット・ホームセンター
,ポプラ,FALSE,review_needed,https://www.smart-code.jp/shoplist/,smart_code_site,smart_code,2026-03-14,2026-03-14,,Auto-added from Smart Code section: コンビニエンスストア
,マイカリー食堂,FALSE,review_needed,https://www.smart-code.jp/shoplist/,smart_code_site,smart_code,2026-03-14,2026-03-14,,Auto-added from Smart Code section: グルメ
,マリンポリス,FALSE,review_needed,https://www.smart-code.jp/shoplist/,smart_code_site,smart_code,2026-03-14,2026-03-14,,Auto-added from Smart Code section: グルメ
,マルエ,FALSE,review_needed,https://www.smart-code.jp/shoplist/,smart_code_site,smart_code,2026-03-14,2026-03-14,,Auto-added from Smart Code section: ドラッグストア・薬局
,マルマンストア,FALSE,review_needed,https://www.smart-code.jp/shoplist/,smart_code_site,smart_code,2026-03-14,2026-03-14,,Auto-added from Smart Code section: スーパーマーケット・ホームセンター
,ミライザカ,FALSE,review_needed,https://www.smart-code.jp/shoplist/,smart_code_site,smart_code,2026-03-14,2026-03-14,,Auto-added from Smart Code section: グルメ
,ミント神戸,FALSE,review_needed,https://www.smart-code.jp/shoplist/,smart_code_site,smart_code,2026-03-14,2026-03-14,,Auto-added from Smart Code section: 百貨店・モール
,メガネフラワー,FALSE,review_needed,https://www.smart-code.jp/shoplist/,smart_code_site,smart_code,2026-03-14,2026-03-14,,Auto-added from Smart Code section: 服飾
,メガネ本舗,FALSE,review_needed,https://www.smart-code.jp/shoplist/,smart_code_site,smart_code,2026-03-14,2026-03-14,,Auto-added from Smart Code section: 服飾
,モアーズシティ横須賀,FALSE,review_needed,https://www.smart-code.jp/shoplist/,smart_code_site,smart_code,2026-03-14,2026-03-14,,Auto-added from Smart Code section: 百貨店・モール
,モダンタイムス,FALSE,review_needed,https://www.smart-code.jp/shoplist/,smart_code_site,smart_code,2026-03-14,2026-03-14,,Auto-added from Smart Code section: グルメ
,モディッシュ,FALSE,review_needed,https://www.smart-code.jp/shoplist/,smart_code_site,smart_code,2026-03-14,2026-03-14,,Auto-added from Smart Code section: グルメ
,モレラ岐阜,FALSE,review_needed,https://www.smart-code.jp/shoplist/,smart_code_site,smart_code,2026-03-14,2026-03-14,,Auto-added from Smart Code section: 百貨店・モール
,ヤマダデンキ,FALSE,review_needed,https://www.smart-code.jp/shoplist/,smart_code_site,smart_code,2026-03-14,2026-03-14,,Auto-added from Smart Code section: 家電
,ユニバース,FALSE,review_needed,https://www.smart-code.jp/shoplist/,smart_code_site,smart_code,2026-03-14,2026-03-14,,Auto-added from Smart Code section: スーパーマーケット・ホームセンター
,ヨークベニマル,FALSE,review_needed,https://www.smart-code.jp/shoplist/,smart_code_site,smart_code,2026-03-14,2026-03-14,,Auto-added from Smart Code section: スーパーマーケット・ホームセンター
,ヨーク／コンフォートマーケット,FALSE,review_needed,https://www.smart-code.jp/shoplist/,smart_code_site,smart_code,2026-03-14,2026-03-14,,Auto-added from Smart Code section: スーパーマーケット・ホームセンター
,ヨーク／ヨークフーズ,FALSE,review_needed,https://www.smart-code.jp/shoplist/,smart_code_site,smart_code,2026-03-14,2026-03-14,,Auto-added from Smart Code section: スーパーマーケット・ホームセンター
,ヨーク／ヨークプライス,FALSE,review_needed,https://www.smart-code.jp/shoplist/,smart_code_site,smart_code,2026-03-14,2026-03-14,,Auto-added from Smart Code section: スーパーマーケット・ホームセンター
,ヨーク／ヨークマート,FALSE,review_needed,https://www.smart-code.jp/shoplist/,smart_code_site,smart_code,2026-03-14,2026-03-14,,Auto-added from Smart Code section: スーパーマーケット・ホームセンター
,ラグーナフェスティバルマーケット,FALSE,review_needed,https://www.smart-code.jp/shoplist/,smart_code_site,smart_code,2026-03-14,2026-03-14,,Auto-added from Smart Code section: 百貨店・モール
,ラッキー,FALSE,review_needed,https://www.smart-code.jp/shoplist/,smart_code_site,smart_code,2026-03-14,2026-03-14,,Auto-added from Smart Code section: スーパーマーケット・ホームセンター
,ラルズ,FALSE,review_needed,https://www.smart-code.jp/shoplist/,smart_code_site,smart_code,2026-03-14,2026-03-14,,Auto-added from Smart Code section: スーパーマーケット・ホームセンター
,リッチモンドホテル,FALSE,review_needed,https://www.smart-code.jp/shoplist/,smart_code_site,smart_code,2026-03-14,2026-03-14,,Auto-added from Smart Code section: 宿泊施設
,リブマックス /リブマックスリーシング,FALSE,review_needed,https://www.smart-code.jp/shoplist/,smart_code_site,smart_code,2026-03-14,2026-03-14,,Auto-added from Smart Code section: その他サービス
,リーガルファクトリーストア,FALSE,review_needed,https://www.smart-code.jp/shoplist/,smart_code_site,smart_code,2026-03-14,2026-03-14,,Auto-added from Smart Code section: 服飾
,ル・トロワ,FALSE,review_needed,https://www.smart-code.jp/shoplist/,smart_code_site,smart_code,2026-03-14,2026-03-14,,Auto-added from Smart Code section: 百貨店・モール
,レストラン 花の木,FALSE,review_needed,https://www.smart-code.jp/shoplist/,smart_code_site,smart_code,2026-03-14,2026-03-14,,Auto-added from Smart Code section: グルメ
,レストランビアポート,FALSE,review_needed,https://www.smart-code.jp/shoplist/,smart_code_site,smart_code,2026-03-14,2026-03-14,,Auto-added from Smart Code section: グルメ
,ロイヤルガーデンカフェ,FALSE,review_needed,https://www.smart-code.jp/shoplist/,smart_code_site,smart_code,2026-03-14,2026-03-14,,Auto-added from Smart Code section: グルメ
,ロイヤルホスト,FALSE,review_needed,https://www.smart-code.jp/shoplist/,smart_code_site,smart_code,2026-03-14,2026-03-14,,Auto-added from Smart Code section: グルメ
,ロイヤルホームセンター,FALSE,review_needed,https://www.smart-code.jp/shoplist/,smart_code_site,smart_code,2026-03-14,2026-03-14,,Auto-added from Smart Code section: スーパーマーケット・ホームセンター
,ローソンストア100,FALSE,review_needed,https://www.smart-code.jp/shoplist/,smart_code_site,smart_code,2026-03-14,2026-03-14,,Auto-added from Smart Code section: コンビニエンスストア
,万SAI堂,FALSE,review_needed,https://www.smart-code.jp/shoplist/,smart_code_site,smart_code,2026-03-14,2026-03-14,,Auto-added from Smart Code section: その他ショッピング
,三代目鳥メロ,FALSE,review_needed,https://www.smart-code.jp/shoplist/,smart_code_site,smart_code,2026-03-14,2026-03-14,,Auto-added from Smart Code section: グルメ
,上州屋,FALSE,review_needed,https://www.smart-code.jp/shoplist/,smart_code_site,smart_code,2026-03-14,2026-03-14,,Auto-added from Smart Code section: その他ショッピング
,中華一番,FALSE,review_needed,https://www.smart-code.jp/shoplist/,smart_code_site,smart_code,2026-03-14,2026-03-14,,Auto-added from Smart Code section: グルメ
,串カツ田中,FALSE,review_needed,https://www.smart-code.jp/shoplist/,smart_code_site,smart_code,2026-03-14,2026-03-14,,Auto-added from Smart Code section: グルメ
,丸亀製麺,FALSE,review_needed,https://www.smart-code.jp/shoplist/,smart_code_site,smart_code,2026-03-14,2026-03-14,,Auto-added from Smart Code section: グルメ
,丸善ジュンク堂書店／ジュンク堂書店,FALSE,review_needed,https://www.smart-code.jp/shoplist/,smart_code_site,smart_code,2026-03-14,2026-03-14,,Auto-added from Smart Code section: 本
,丸善ジュンク堂書店／丸善,FALSE,review_needed,https://www.smart-code.jp/shoplist/,smart_code_site,smart_code,2026-03-14,2026-03-14,,Auto-added from Smart Code section: 本
,二子玉川ライズショッピングセンター,FALSE,review_needed,https://www.smart-code.jp/shoplist/,smart_code_site,smart_code,2026-03-14,2026-03-14,,Auto-added from Smart Code section: 百貨店・モール
,京急百貨店,FALSE,review_needed,https://www.smart-code.jp/shoplist/,smart_code_site,smart_code,2026-03-14,2026-03-14,,Auto-added from Smart Code section: 百貨店・モール
,京浜さえき,FALSE,review_needed,https://www.smart-code.jp/shoplist/,smart_code_site,smart_code,2026-03-14,2026-03-14,,Auto-added from Smart Code section: スーパーマーケット・ホームセンター
,京王モール & 京王モールアネックス,FALSE,review_needed,https://www.smart-code.jp/shoplist/,smart_code_site,smart_code,2026-03-14,2026-03-14,,Auto-added from Smart Code section: 百貨店・モール
,京王多摩センターSC,FALSE,review_needed,https://www.smart-code.jp/shoplist/,smart_code_site,smart_code,2026-03-14,2026-03-14,,Auto-added from Smart Code section: 百貨店・モール
,京王聖蹟桜ヶ丘SC,FALSE,review_needed,https://www.smart-code.jp/shoplist/,smart_code_site,smart_code,2026-03-14,2026-03-14,,Auto-added from Smart Code section: 百貨店・モール
,京都ファミリー 専門店,FALSE,review_needed,https://www.smart-code.jp/shoplist/,smart_code_site,smart_code,2026-03-14,2026-03-14,,Auto-added from Smart Code section: 百貨店・モール
,京阪シティモール,FALSE,review_needed,https://www.smart-code.jp/shoplist/,smart_code_site,smart_code,2026-03-14,2026-03-14,,Auto-added from Smart Code section: 百貨店・モール
,京阪モール,FALSE,review_needed,https://www.smart-code.jp/shoplist/,smart_code_site,smart_code,2026-03-14,2026-03-14,,Auto-added from Smart Code section: 百貨店・モール
,伊藤チェーン,FALSE,review_needed,https://www.smart-code.jp/shoplist/,smart_code_site,smart_code,2026-03-14,2026-03-14,,Auto-added from Smart Code section: スーパーマーケット・ホームセンター
,元祖寿司,FALSE,review_needed,https://www.smart-code.jp/shoplist/,smart_code_site,smart_code,2026-03-14,2026-03-14,,Auto-added from Smart Code section: グルメ
,函館空港,FALSE,review_needed,https://www.smart-code.jp/shoplist/,smart_code_site,smart_code,2026-03-14,2026-03-14,,Auto-added from Smart Code section: 空港施設
,北海道ジンギスカン蝦夷屋,FALSE,review_needed,https://www.smart-code.jp/shoplist/,smart_code_site,smart_code,2026-03-14,2026-03-14,,Auto-added from Smart Code section: グルメ
,千年の宴,FALSE,review_needed,https://www.smart-code.jp/shoplist/,smart_code_site,smart_code,2026-03-14,2026-03-14,,Auto-added from Smart Code section: グルメ
,千疋屋総本店,FALSE,review_needed,https://www.smart-code.jp/shoplist/,smart_code_site,smart_code,2026-03-14,2026-03-14,,Auto-added from Smart Code section: その他ショッピング
,地球人,FALSE,review_needed,https://www.smart-code.jp/shoplist/,smart_code_site,smart_code,2026-03-14,2026-03-14,,Auto-added from Smart Code section: グルメ
,城山観光ホテル,FALSE,review_needed,https://www.smart-code.jp/shoplist/,smart_code_site,smart_code,2026-03-14,2026-03-14,,Auto-added from Smart Code section: 宿泊施設
,夢庵,FALSE,review_needed,https://www.smart-code.jp/shoplist/,smart_code_site,smart_code,2026-03-14,2026-03-14,,Auto-added from Smart Code section: グルメ
,大庄水産,FALSE,review_needed,https://www.smart-code.jp/shoplist/,smart_code_site,smart_code,2026-03-14,2026-03-14,,Auto-added from Smart Code section: グルメ
,大賀薬局,FALSE,review_needed,https://www.smart-code.jp/shoplist/,smart_code_site,smart_code,2026-03-14,2026-03-14,,Auto-added from Smart Code section: ドラッグストア・薬局
,天丼てんや,FALSE,review_needed,https://www.smart-code.jp/shoplist/,smart_code_site,smart_code,2026-03-14,2026-03-14,,Auto-added from Smart Code section: グルメ
,好日山荘,FALSE,review_needed,https://www.smart-code.jp/shoplist/,smart_code_site,smart_code,2026-03-14,2026-03-14,,Auto-added from Smart Code section: その他ショッピング
,山内農場,FALSE,review_needed,https://www.smart-code.jp/shoplist/,smart_code_site,smart_code,2026-03-14,2026-03-14,,Auto-added from Smart Code section: グルメ
,山梨さえき（おかじま）,FALSE,review_needed,https://www.smart-code.jp/shoplist/,smart_code_site,smart_code,2026-03-14,2026-03-14,,Auto-added from Smart Code section: スーパーマーケット・ホームセンター
,山梨さえき（セルバ）,FALSE,review_needed,https://www.smart-code.jp/shoplist/,smart_code_site,smart_code,2026-03-14,2026-03-14,,Auto-added from Smart Code section: スーパーマーケット・ホームセンター
,岸和田カンカンベイサイドモール,FALSE,review_needed,https://www.smart-code.jp/shoplist/,smart_code_site,smart_code,2026-03-14,2026-03-14,,Auto-added from Smart Code section: 百貨店・モール
,島忠ホームズ,FALSE,review_needed,https://www.smart-code.jp/shoplist/,smart_code_site,smart_code,2026-03-14,2026-03-14,,Auto-added from Smart Code section: スーパーマーケット・ホームセンター
,庄や,FALSE,review_needed,https://www.smart-code.jp/shoplist/,smart_code_site,smart_code,2026-03-14,2026-03-14,,Auto-added from Smart Code section: グルメ
,成城石井,FALSE,review_needed,https://www.smart-code.jp/shoplist/,smart_code_site,smart_code,2026-03-14,2026-03-14,,Auto-added from Smart Code section: スーパーマーケット・ホームセンター
,掌,FALSE,review_needed,https://www.smart-code.jp/shoplist/,smart_code_site,smart_code,2026-03-14,2026-03-14,,Auto-added from Smart Code section: グルメ
,文化食堂,FALSE,review_needed,https://www.smart-code.jp/shoplist/,smart_code_site,smart_code,2026-03-14,2026-03-14,,Auto-added from Smart Code section: グルメ
,新千歳空港,FALSE,review_needed,https://www.smart-code.jp/shoplist/,smart_code_site,smart_code,2026-03-14,2026-03-14,,Auto-added from Smart Code section: 空港施設
,新鮮食材キャッシュ＆キャリー昭和,FALSE,review_needed,https://www.smart-code.jp/shoplist/,smart_code_site,smart_code,2026-03-14,2026-03-14,,Auto-added from Smart Code section: スーパーマーケット・ホームセンター
,日の出本舗,FALSE,review_needed,https://www.smart-code.jp/shoplist/,smart_code_site,smart_code,2026-03-14,2026-03-14,,Auto-added from Smart Code section: グルメ
,日吉東急アベニュー,FALSE,review_needed,https://www.smart-code.jp/shoplist/,smart_code_site,smart_code,2026-03-14,2026-03-14,,Auto-added from Smart Code section: 百貨店・モール
,日高屋,FALSE,review_needed,https://www.smart-code.jp/shoplist/,smart_code_site,smart_code,2026-03-14,2026-03-14,,Auto-added from Smart Code section: グルメ
,星のなる木,FALSE,review_needed,https://www.smart-code.jp/shoplist/,smart_code_site,smart_code,2026-03-14,2026-03-14,,Auto-added from Smart Code section: グルメ
,月の宴,FALSE,review_needed,https://www.smart-code.jp/shoplist/,smart_code_site,smart_code,2026-03-14,2026-03-14,,Auto-added from Smart Code section: グルメ
,月夜のたぬき,FALSE,review_needed,https://www.smart-code.jp/shoplist/,smart_code_site,smart_code,2026-03-14,2026-03-14,,Auto-added from Smart Code section: グルメ
,有隣堂,FALSE,review_needed,https://www.smart-code.jp/shoplist/,smart_code_site,smart_code,2026-03-14,2026-03-14,,Auto-added from Smart Code section: 本
,杏林堂薬局/杏林堂スーパードラッグストア,FALSE,review_needed,https://www.smart-code.jp/shoplist/,smart_code_site,smart_code,2026-03-14,2026-03-14,,Auto-added from Smart Code section: ドラッグストア・薬局
,来来軒,FALSE,review_needed,https://www.smart-code.jp/shoplist/,smart_code_site,smart_code,2026-03-14,2026-03-14,,Auto-added from Smart Code section: グルメ
,東京さえき,FALSE,review_needed,https://www.smart-code.jp/shoplist/,smart_code_site,smart_code,2026-03-14,2026-03-14,,Auto-added from Smart Code section: スーパーマーケット・ホームセンター
,東京タワー,FALSE,review_needed,https://www.smart-code.jp/shoplist/,smart_code_site,smart_code,2026-03-14,2026-03-14,,Auto-added from Smart Code section: レジャー・アミューズメント
,東光ストア,FALSE,review_needed,https://www.smart-code.jp/shoplist/,smart_code_site,smart_code,2026-03-14,2026-03-14,,Auto-added from Smart Code section: スーパーマーケット・ホームセンター
,東急ストア,FALSE,review_needed,https://www.smart-code.jp/shoplist/,smart_code_site,smart_code,2026-03-14,2026-03-14,,Auto-added from Smart Code section: スーパーマーケット・ホームセンター
,東急フードショー,FALSE,review_needed,https://www.smart-code.jp/shoplist/,smart_code_site,smart_code,2026-03-14,2026-03-14,,Auto-added from Smart Code section: 百貨店・モール
,東急フードショースライス,FALSE,review_needed,https://www.smart-code.jp/shoplist/,smart_code_site,smart_code,2026-03-14,2026-03-14,,Auto-added from Smart Code section: 百貨店・モール
,東急百貨店,FALSE,review_needed,https://www.smart-code.jp/shoplist/,smart_code_site,smart_code,2026-03-14,2026-03-14,,Auto-added from Smart Code section: 百貨店・モール
,東武百貨店,FALSE,review_needed,https://www.smart-code.jp/shoplist/,smart_code_site,smart_code,2026-03-14,2026-03-14,,Auto-added from Smart Code section: 百貨店・モール
,松のや,FALSE,review_needed,https://www.smart-code.jp/shoplist/,smart_code_site,smart_code,2026-03-14,2026-03-14,,Auto-added from Smart Code section: グルメ
matsuya,松屋,TRUE,manual,https://www.smart-code.jp/shoplist/,smart_code_site,smart_code,2026-03-14,2026-03-14,,
,洋服の青山,FALSE,review_needed,https://www.smart-code.jp/shoplist/,smart_code_site,smart_code,2026-03-14,2026-03-14,,Auto-added from Smart Code section: 服飾
,海都,FALSE,review_needed,https://www.smart-code.jp/shoplist/,smart_code_site,smart_code,2026-03-14,2026-03-14,,Auto-added from Smart Code section: グルメ
,渋谷ヒカリエShinQs,FALSE,review_needed,https://www.smart-code.jp/shoplist/,smart_code_site,smart_code,2026-03-14,2026-03-14,,Auto-added from Smart Code section: 百貨店・モール
,濱焼北海道魚萬,FALSE,review_needed,https://www.smart-code.jp/shoplist/,smart_code_site,smart_code,2026-03-14,2026-03-14,,Auto-added from Smart Code section: グルメ
,焼肉の和民,FALSE,review_needed,https://www.smart-code.jp/shoplist/,smart_code_site,smart_code,2026-03-14,2026-03-14,,Auto-added from Smart Code section: グルメ
,焼鳥日高,FALSE,review_needed,https://www.smart-code.jp/shoplist/,smart_code_site,smart_code,2026-03-14,2026-03-14,,Auto-added from Smart Code section: グルメ
,牛たん徳茂,FALSE,review_needed,https://www.smart-code.jp/shoplist/,smart_code_site,smart_code,2026-03-14,2026-03-14,,Auto-added from Smart Code section: グルメ
,牛たん炭火焼き 利久,FALSE,review_needed,https://www.smart-code.jp/shoplist/,smart_code_site,smart_code,2026-03-14,2026-03-14,,Auto-added from Smart Code section: グルメ
,生活協同組合コープかごしま,FALSE,review_needed,https://www.smart-code.jp/shoplist/,smart_code_site,smart_code,2026-03-14,2026-03-14,,Auto-added from Smart Code section: スーパーマーケット・ホームセンター
,生活彩家,FALSE,review_needed,https://www.smart-code.jp/shoplist/,smart_code_site,smart_code,2026-03-14,2026-03-14,,Auto-added from Smart Code section: コンビニエンスストア
,町田東急ツインズ,FALSE,review_needed,https://www.smart-code.jp/shoplist/,smart_code_site,smart_code,2026-03-14,2026-03-14,,Auto-added from Smart Code section: 百貨店・モール
,白木屋,FALSE,review_needed,https://www.smart-code.jp/shoplist/,smart_code_site,smart_code,2026-03-14,2026-03-14,,Auto-added from Smart Code section: グルメ
,目利きの銀次,FALSE,review_needed,https://www.smart-code.jp/shoplist/,smart_code_site,smart_code,2026-03-14,2026-03-14,,Auto-added from Smart Code section: グルメ
,眼鏡市場,FALSE,review_needed,https://www.smart-code.jp/shoplist/,smart_code_site,smart_code,2026-03-14,2026-03-14,,Auto-added from Smart Code section: 服飾
,福福屋,FALSE,review_needed,https://www.smart-code.jp/shoplist/,smart_code_site,smart_code,2026-03-14,2026-03-14,,Auto-added from Smart Code section: グルメ
,秀岳荘,FALSE,review_needed,https://www.smart-code.jp/shoplist/,smart_code_site,smart_code,2026-03-14,2026-03-14,,Auto-added from Smart Code section: その他ショッピング
,笑笑,FALSE,review_needed,https://www.smart-code.jp/shoplist/,smart_code_site,smart_code,2026-03-14,2026-03-14,,Auto-added from Smart Code section: グルメ
,羽田空港,FALSE,review_needed,https://www.smart-code.jp/shoplist/,smart_code_site,smart_code,2026-03-14,2026-03-14,,Auto-added from Smart Code section: 空港施設
,茨城交通,FALSE,review_needed,https://www.smart-code.jp/shoplist/,smart_code_site,smart_code,2026-03-14,2026-03-14,,Auto-added from Smart Code section: その他サービス
,蔦屋書店,FALSE,review_needed,https://www.smart-code.jp/shoplist/,smart_code_site,smart_code,2026-03-14,2026-03-14,,Auto-added from Smart Code section: 本
,薬王堂,FALSE,review_needed,https://www.smart-code.jp/shoplist/,smart_code_site,smart_code,2026-03-14,2026-03-14,,Auto-added from Smart Code section: ドラッグストア・薬局
,西松屋,FALSE,review_needed,https://www.smart-code.jp/shoplist/,smart_code_site,smart_code,2026-03-14,2026-03-14,,Auto-added from Smart Code section: 服飾
,証明写真機 Ｋｉ－Ｒｅ－ｉ,FALSE,review_needed,https://www.smart-code.jp/shoplist/,smart_code_site,smart_code,2026-03-14,2026-03-14,,Auto-added from Smart Code section: その他サービス
,豊丸水産,FALSE,review_needed,https://www.smart-code.jp/shoplist/,smart_code_site,smart_code,2026-03-14,2026-03-14,,Auto-added from Smart Code section: グルメ
,豊後高田どり酒場,FALSE,review_needed,https://www.smart-code.jp/shoplist/,smart_code_site,smart_code,2026-03-14,2026-03-14,,Auto-added from Smart Code section: グルメ
,軍鶏農場,FALSE,review_needed,https://www.smart-code.jp/shoplist/,smart_code_site,smart_code,2026-03-14,2026-03-14,,Auto-added from Smart Code section: グルメ
,近鉄百貨店,FALSE,review_needed,https://www.smart-code.jp/shoplist/,smart_code_site,smart_code,2026-03-14,2026-03-14,,Auto-added from Smart Code section: 百貨店・モール
,道北アークス,FALSE,review_needed,https://www.smart-code.jp/shoplist/,smart_code_site,smart_code,2026-03-14,2026-03-14,,Auto-added from Smart Code section: スーパーマーケット・ホームセンター
,道南ラルズ,FALSE,review_needed,https://www.smart-code.jp/shoplist/,smart_code_site,smart_code,2026-03-14,2026-03-14,,Auto-added from Smart Code section: スーパーマーケット・ホームセンター
,道東アークス,FALSE,review_needed,https://www.smart-code.jp/shoplist/,smart_code_site,smart_code,2026-03-14,2026-03-14,,Auto-added from Smart Code section: スーパーマーケット・ホームセンター
,酒ゃビック,FALSE,review_needed,https://www.smart-code.jp/shoplist/,smart_code_site,smart_code,2026-03-14,2026-03-14,,Auto-added from Smart Code section: その他ショッピング
,金光薬品,FALSE,review_needed,https://www.smart-code.jp/shoplist/,smart_code_site,smart_code,2026-03-14,2026-03-14,,Auto-added from Smart Code section: ドラッグストア・薬局
,銀座ルノアール,FALSE,review_needed,https://www.smart-code.jp/shoplist/,smart_code_site,smart_code,2026-03-14,2026-03-14,,Auto-added from Smart Code section: グルメ
,銀政,FALSE,review_needed,https://www.smart-code.jp/shoplist/,smart_code_site,smart_code,2026-03-14,2026-03-14,,Auto-added from Smart Code section: グルメ
,長崎空港,FALSE,review_needed,https://www.smart-code.jp/shoplist/,smart_code_site,smart_code,2026-03-14,2026-03-14,,Auto-added from Smart Code section: 空港施設
,風,FALSE,review_needed,https://www.smart-code.jp/shoplist/,smart_code_site,smart_code,2026-03-14,2026-03-14,,Auto-added from Smart Code section: グルメ
,食鮮館タイヨー,FALSE,review_needed,https://www.smart-code.jp/shoplist/,smart_code_site,smart_code,2026-03-14,2026-03-14,,Auto-added from Smart Code section: スーパーマーケット・ホームセンター
,餃子の王将,FALSE,review_needed,https://www.smart-code.jp/shoplist/,smart_code_site,smart_code,2026-03-14,2026-03-14,,Auto-added from Smart Code section: グルメ
,魚民,FALSE,review_needed,https://www.smart-code.jp/shoplist/,smart_code_site,smart_code,2026-03-14,2026-03-14,,Auto-added from Smart Code section: グルメ
,魚鮮水産,FALSE,review_needed,https://www.smart-code.jp/shoplist/,smart_code_site,smart_code,2026-03-14,2026-03-14,,Auto-added from Smart Code section: グルメ
,鳥永 すすきの総本店,FALSE,review_needed,https://www.smart-code.jp/shoplist/,smart_code_site,smart_code,2026-03-14,2026-03-14,,Auto-added from Smart Code section: グルメ
,鶏のGeorge,FALSE,review_needed,https://www.smart-code.jp/shoplist/,smart_code_site,smart_code,2026-03-14,2026-03-14,,Auto-added from Smart Code section: グルメ
,黒の50,FALSE,review_needed,https://www.smart-code.jp/shoplist/,smart_code_site,smart_code,2026-03-14,2026-03-14,,Auto-added from Smart Code section: グルメ
,（株）西條,FALSE,review_needed,https://www.smart-code.jp/shoplist/,smart_code_site,smart_code,2026-03-14,2026-03-14,,Auto-added from Smart Code section: スーパーマーケット・ホームセンター
,Ｎプラス,FALSE,review_needed,https://www.smart-code.jp/shoplist/,smart_code_site,smart_code,2026-03-14,2026-03-14,,Auto-added from Smart Code section: その他ショッピング
