shop_id,chain_code,chain_name,shop_name,address,payment_tags,source_url
nishimatsuya-1235,nishimatsuya,西松屋,BIG HOP印西店,千葉県印西市原1-2 BIG HOPガ-デンモ-ル印西1階,smart_code,https://www.24028.jp/tenpo/detail.php?cid=12&doc=1235
nishimatsuya-1099,nishimatsuya,西松屋,おのだサンパーク店,山口県山陽小野田市中川6-4-1 おのだサンパ-ク西館2F,smart_code,https://www.24028.jp/tenpo/detail.php?cid=35&doc=1099
nishimatsuya-827,nishimatsuya,西松屋,お台場デックス店,東京都港区台場1-6-1 アイランドモ-ル4F,smart_code,https://www.24028.jp/tenpo/detail.php?cid=13&doc=827
nishimatsuya-1031,nishimatsuya,西松屋,ぐりーんうぉーく多摩店,東京都八王子市別所2-56- ぐり-んうぉ-く多摩コ-ナン1階,smart_code,https://www.24028.jp/tenpo/detail.php?cid=13&doc=1031
nishimatsuya-1130,nishimatsuya,西松屋,みのおキューズモール店,大阪府箕面市西宿1-17-22 みのおキュ-ズモ-ルEAST1 2階,smart_code,https://www.24028.jp/tenpo/detail.php?cid=27&doc=1130
nishimatsuya-858,nishimatsuya,西松屋,ららぽーとTOKYO-BAY North Gate店,千葉県船橋市浜町2--2-7 ららぽ-と TOKYO-BAY North Gate2F,smart_code,https://www.24028.jp/tenpo/detail.php?cid=12&doc=858
nishimatsuya-1361,nishimatsuya,西松屋,ららテラス北綾瀬店,東京都足立区谷中4-8-1 三井ショッピングパ-クららテラス北綾瀬3F,smart_code,https://www.24028.jp/tenpo/detail.php?cid=13&doc=1361
nishimatsuya-1360,nishimatsuya,西松屋,ららテラス川口店,埼玉県川口市栄町3-5-1 三井ショッピングパ-ク ららテラス川口8F,smart_code,https://www.24028.jp/tenpo/detail.php?cid=11&doc=1360
nishimatsuya-595,nishimatsuya,西松屋,アクロスプラザ笠間店は閉店致しました,茨城県笠間市寺崎1-1 アクロスプラザ笠間内 2/20(金)をもちまして閉店致しました。 永らくのご愛顧、誠にありがとうございました。 -,smart_code,https://www.24028.jp/tenpo/detail.php?cid=8&doc=595
nishimatsuya-1141,nishimatsuya,西松屋,アクロスモール新鎌ヶ谷店,千葉県鎌ケ谷市新鎌ケ谷2-12-1 アクロスモ-ル新鎌ケ谷2階,smart_code,https://www.24028.jp/tenpo/detail.php?cid=12&doc=1141
nishimatsuya-1331,nishimatsuya,西松屋,アクロス大曲店,秋田県大仙市戸蒔字錨164-1,smart_code,https://www.24028.jp/tenpo/detail.php?cid=5&doc=1331
nishimatsuya-1137,nishimatsuya,西松屋,アゼリアモール店,群馬県館林市楠町3648-1 アゼリアモ-ルA館 2F,smart_code,https://www.24028.jp/tenpo/detail.php?cid=10&doc=1137
nishimatsuya-1370,nishimatsuya,西松屋,アピタパワー岩倉店,愛知県岩倉市旭町一-25- アピタパワ-岩倉店 1F,smart_code,https://www.24028.jp/tenpo/detail.php?cid=23&doc=1370
nishimatsuya-1247,nishimatsuya,西松屋,アマドゥコーナン尼崎道意町店,兵庫県尼崎市道意町7-1-1 コ-ナン尼崎道意町店1階,smart_code,https://www.24028.jp/tenpo/detail.php?cid=28&doc=1247
nishimatsuya-663,nishimatsuya,西松屋,アルプラザ鹿島店,石川県鹿島郡中能登町井田と部1-1 アルプラザ鹿島2階,smart_code,https://www.24028.jp/tenpo/detail.php?cid=17&doc=663
nishimatsuya-760,nishimatsuya,西松屋,イオンタウン上板店,徳島県板野郡上板町椎本字中ノ内3 イオンタウン上板内,smart_code,https://www.24028.jp/tenpo/detail.php?cid=36&doc=760
nishimatsuya-155,nishimatsuya,西松屋,イオンタウン十文字南店,秋田県横手市十文字町佐賀会字上沖田272-1 イオンタウン十文字南SC内 3/20(金)をもちまして閉店致します。 永らくのご愛顧、誠にありがとうございました。,smart_code,https://www.24028.jp/tenpo/detail.php?cid=5&doc=155
nishimatsuya-1257,nishimatsuya,西松屋,イオンタウン各務原鵜沼店,岐阜県各務原市鵜沼西町三-309- イオンタウン各務原鵜沼内,smart_code,https://www.24028.jp/tenpo/detail.php?cid=21&doc=1257
nishimatsuya-755,nishimatsuya,西松屋,イオンタウン国分寺店,香川県高松市国分寺町新名654-3 イオンタウン国分寺ショッピングセンタ-内,smart_code,https://www.24028.jp/tenpo/detail.php?cid=37&doc=755
nishimatsuya-705,nishimatsuya,西松屋,イオンタウン宮古南店,沖縄県宮古島市平良字松原631- イオンタウン宮古南ショッピングセンタ-内,smart_code,https://www.24028.jp/tenpo/detail.php?cid=47&doc=705
nishimatsuya-1393,nishimatsuya,西松屋,イオンタウン有松店,愛知県名古屋市緑区鳴海町字有松裏200 イオンタウン有松店2F,smart_code,https://www.24028.jp/tenpo/detail.php?cid=23&doc=1393
nishimatsuya-900,nishimatsuya,西松屋,イオンタウン芸濃店,三重県津市芸濃町椋本一ツ谷3083 イオンタウンショッピングセンタ-芸濃内,smart_code,https://www.24028.jp/tenpo/detail.php?cid=24&doc=900
nishimatsuya-65,nishimatsuya,西松屋,イオンタウン鈴鹿店,三重県鈴鹿市庄野羽山4-3000- イオンタウン鈴鹿2階,smart_code,https://www.24028.jp/tenpo/detail.php?cid=24&doc=65
nishimatsuya-379,nishimatsuya,西松屋,イオンフードスタイル三ツ境店は閉店致しました,神奈川県横浜市瀬谷区三ツ境7-1 イオンフ-ドスタイル三ツ境店内 2/20(金)をもちまして閉店致しました。 永らくのご愛顧、誠にありがとうございました。 -,smart_code,https://www.24028.jp/tenpo/detail.php?cid=14&doc=379
nishimatsuya-961,nishimatsuya,西松屋,イオンモール大牟田店,福岡県大牟田市岬町3-4 イオンモ-ル大牟田店 2F,smart_code,https://www.24028.jp/tenpo/detail.php?cid=40&doc=961
nishimatsuya-606,nishimatsuya,西松屋,イオンモール宇城店,熊本県宇城市小川町河江1-1 イオンモ-ル宇城内,smart_code,https://www.24028.jp/tenpo/detail.php?cid=43&doc=606
nishimatsuya-991,nishimatsuya,西松屋,イオンモール神戸南店,兵庫県神戸市兵庫区中之島2-1-1 イオンモ-ル神戸南 3F,smart_code,https://www.24028.jp/tenpo/detail.php?cid=28&doc=991
nishimatsuya-1009,nishimatsuya,西松屋,イトーヨーカドー三郷店,埼玉県三郷市ピアラシティ1-1-1 イト-ヨ-カド-三郷店の2F,smart_code,https://www.24028.jp/tenpo/detail.php?cid=11&doc=1009
nishimatsuya-697,nishimatsuya,西松屋,インターパークスタジアム店,栃木県宇都宮市インタ-パ-ク4-2-3 宇都宮インタ-パ-クスタジアム内(ノ-スゲ-ト左、ウエストゲ-ト正面),smart_code,https://www.24028.jp/tenpo/detail.php?cid=9&doc=697
nishimatsuya-936,nishimatsuya,西松屋,インターヴィレッジ大曲店,北海道北広島市大曲幸町6-1- インタ-ヴィレッジ大曲 専門モ-ル ペコラプラザ内,smart_code,https://www.24028.jp/tenpo/detail.php?cid=1&doc=936
nishimatsuya-1136,nishimatsuya,西松屋,イーアス沖縄豊崎店,沖縄県豊見城市豊崎3-35 イ-アス沖縄豊崎内3階,smart_code,https://www.24028.jp/tenpo/detail.php?cid=47&doc=1136
nishimatsuya-248,nishimatsuya,西松屋,イータウン大島店,富山県射水市本開発字代官免189-3 e・town内,smart_code,https://www.24028.jp/tenpo/detail.php?cid=16&doc=248
nishimatsuya-1208,nishimatsuya,西松屋,エコール・いずみ店,大阪府和泉市いぶき野5-1-11 エコ-ル・いずみ 本館 3階,smart_code,https://www.24028.jp/tenpo/detail.php?cid=27&doc=1208
nishimatsuya-27,nishimatsuya,西松屋,エムズタウン三郷中央店は閉店致しました,埼玉県三郷市中央1-3-1 エムズタウン三郷中央内 2/23(月)をもちまして閉店致しました。 永らくのご愛顧、誠にありがとうございました。 -,smart_code,https://www.24028.jp/tenpo/detail.php?cid=11&doc=27
nishimatsuya-289,nishimatsuya,西松屋,カメリアガーデン幸田店,愛知県額田郡幸田町大字相見字沖原27-1 カメリアガ-デン幸田内,smart_code,https://www.24028.jp/tenpo/detail.php?cid=23&doc=289
nishimatsuya-1102,nishimatsuya,西松屋,カルチャーパークあてるい水沢店,岩手県奥州市水沢佐倉河字羽黒田4,smart_code,https://www.24028.jp/tenpo/detail.php?cid=3&doc=1102
nishimatsuya-1029,nishimatsuya,西松屋,ガーデンモール彩都店,大阪府茨木市彩都あさぎ1-2-1 ガ-デンモ-ル彩都3F,smart_code,https://www.24028.jp/tenpo/detail.php?cid=27&doc=1029
nishimatsuya-702,nishimatsuya,西松屋,ガーデンモール木津川店,京都府木津川市州見台1-1-1-1 ガ-デンモ-ル木津川2階,smart_code,https://www.24028.jp/tenpo/detail.php?cid=26&doc=702
nishimatsuya-1032,nishimatsuya,西松屋,クイズゲート浦和店,埼玉県さいたま市緑区中尾不動谷3720 クイズゲ-ト浦和店の1F,smart_code,https://www.24028.jp/tenpo/detail.php?cid=11&doc=1032
nishimatsuya-919,nishimatsuya,西松屋,クラスポ蒲郡店,愛知県蒲郡市鹿島町浅井新田1-26 クラスポ蒲郡ショッピングセンタ-内,smart_code,https://www.24028.jp/tenpo/detail.php?cid=23&doc=919
nishimatsuya-930,nishimatsuya,西松屋,クロスガーデン多摩店,東京都多摩市落合2-33 クロスガ-デン多摩の3階,smart_code,https://www.24028.jp/tenpo/detail.php?cid=13&doc=930
nishimatsuya-1106,nishimatsuya,西松屋,クロスモール豊田陣中店,愛知県豊田市陣中町1-26-8 クロスモ-ル豊田陣中 2F,smart_code,https://www.24028.jp/tenpo/detail.php?cid=23&doc=1106
nishimatsuya-32,nishimatsuya,西松屋,コマーシャルモール博多店,福岡県福岡市博多区東光寺2-6-40 コマ-シャルモ-ル博多内,smart_code,https://www.24028.jp/tenpo/detail.php?cid=40&doc=32
nishimatsuya-1313,nishimatsuya,西松屋,コムタウン岡崎店,愛知県岡崎市上六名町字宮前1-,smart_code,https://www.24028.jp/tenpo/detail.php?cid=23&doc=1313
nishimatsuya-608,nishimatsuya,西松屋,コーナンセンター南店,神奈川県横浜市都筑区茅ヶ崎中央53-1 コ-ナン港北センタ-南モ-ル内,smart_code,https://www.24028.jp/tenpo/detail.php?cid=14&doc=608
nishimatsuya-1127,nishimatsuya,西松屋,コーナン千里山田店,大阪府吹田市山田北6-1 コ-ナン千里山田2館,smart_code,https://www.24028.jp/tenpo/detail.php?cid=27&doc=1127
nishimatsuya-901,nishimatsuya,西松屋,コーナン川崎小田栄店,神奈川県川崎市川崎区小田栄2-3-1 コ-ナン川崎小田栄店 2F,smart_code,https://www.24028.jp/tenpo/detail.php?cid=14&doc=901
nishimatsuya-1053,nishimatsuya,西松屋,コーナン港北インター店,神奈川県横浜市都筑区折本町191- コ-ナン港北インタ-店 2階,smart_code,https://www.24028.jp/tenpo/detail.php?cid=14&doc=1053
nishimatsuya-1089,nishimatsuya,西松屋,コーナン王子堀船店,東京都北区堀船一-23-13 コ-ナン王子堀船店3階,smart_code,https://www.24028.jp/tenpo/detail.php?cid=13&doc=1089
nishimatsuya-1204,nishimatsuya,西松屋,コーナン鎌倉大船店,神奈川県鎌倉市岡本1188-1 コ-ナン鎌倉大船店 2階,smart_code,https://www.24028.jp/tenpo/detail.php?cid=14&doc=1204
nishimatsuya-377,nishimatsuya,西松屋,サンシパーク桑名店,三重県桑名市大仲新田12- サンシパ-ク内,smart_code,https://www.24028.jp/tenpo/detail.php?cid=24&doc=377
nishimatsuya-1122,nishimatsuya,西松屋,サントムーン柿田川店,静岡県駿東郡清水町伏見52-1 サントム-ンオアシス3F,smart_code,https://www.24028.jp/tenpo/detail.php?cid=22&doc=1122
nishimatsuya-1024,nishimatsuya,西松屋,シーモール下関店,山口県下関市竹崎町4-4-8 シ-モ-ル下関3F,smart_code,https://www.24028.jp/tenpo/detail.php?cid=35&doc=1024
nishimatsuya-1195,nishimatsuya,西松屋,ジョイパーク泉ヶ丘店,大阪府堺市南区三原台1丁1-3 ジョイパ-ク泉ヶ丘2階,smart_code,https://www.24028.jp/tenpo/detail.php?cid=27&doc=1195
nishimatsuya-37,nishimatsuya,西松屋,スクエアモール鹿児島宇宿店,鹿児島県鹿児島市宇宿2-2-18 宇宿ショッピングセンタ-内2階,smart_code,https://www.24028.jp/tenpo/detail.php?cid=46&doc=37
nishimatsuya-1046,nishimatsuya,西松屋,スーパーセンターオークワ南紀店,和歌山県新宮市佐野3-11-19 ス-パ-センタ-オ-クワ南紀内,smart_code,https://www.24028.jp/tenpo/detail.php?cid=30&doc=1046
nishimatsuya-1391,nishimatsuya,西松屋,スーパーセンタートライアル塩釜店,宮城県塩竈市杉の入三-3-1 ス-パ-センタ-トライアル塩釜店内2F,smart_code,https://www.24028.jp/tenpo/detail.php?cid=4&doc=1391
nishimatsuya-1375,nishimatsuya,西松屋,スーパーセンタートライアル浜田店,島根県浜田市周布町イ61-1 ス-パ-センタ-トライアル浜田店内,smart_code,https://www.24028.jp/tenpo/detail.php?cid=32&doc=1375
nishimatsuya-1402,nishimatsuya,西松屋,ソコラ若葉台店,東京都稲城市坂浜4-25-1 SOCOLA若葉台3階,smart_code,https://www.24028.jp/tenpo/detail.php?cid=13&doc=1402
nishimatsuya-998,nishimatsuya,西松屋,ノジマモール横須賀店,神奈川県横須賀市平成町3-28-2 ノジマモ-ル横須賀2階,smart_code,https://www.24028.jp/tenpo/detail.php?cid=14&doc=998
nishimatsuya-1363,nishimatsuya,西松屋,ハローズ西古松モール店,岡山県岡山市北区西古松西町6-5 ハロ-ズ西古松モ-ル店 2F,smart_code,https://www.24028.jp/tenpo/detail.php?cid=33&doc=1363
nishimatsuya-1295,nishimatsuya,西松屋,ハーヴェストウォーク小山店,栃木県小山市喜沢1475 おやまゆうえんハ-ヴェストウォ-ク内,smart_code,https://www.24028.jp/tenpo/detail.php?cid=9&doc=1295
nishimatsuya-1121,nishimatsuya,西松屋,ヒルズウォーク徳重店,愛知県名古屋市緑区元徳重1-505- ヒルズウォ-ク徳重ガ-デンズ2F,smart_code,https://www.24028.jp/tenpo/detail.php?cid=23&doc=1121
nishimatsuya-783,nishimatsuya,西松屋,フォレオ大阪ドームシティ店,大阪府大阪市西区九条南1-12-33 フォレオ大阪ド-ムシティ2F,smart_code,https://www.24028.jp/tenpo/detail.php?cid=27&doc=783
nishimatsuya-1242,nishimatsuya,西松屋,フォレストモール常陸太田店,茨城県常陸太田市東部土地区画整理事業内1街区1画地 フォレストモ-ル内,smart_code,https://www.24028.jp/tenpo/detail.php?cid=8&doc=1242
nishimatsuya-986,nishimatsuya,西松屋,フレスポ豊後大野店,大分県豊後大野市三重町赤嶺字年神2011,smart_code,https://www.24028.jp/tenpo/detail.php?cid=44&doc=986
nishimatsuya-547,nishimatsuya,西松屋,フーコット飯能ショッピングセンター店,埼玉県飯能市大字新光1-4 フ-コット飯能SC内,smart_code,https://www.24028.jp/tenpo/detail.php?cid=11&doc=547
nishimatsuya-1132,nishimatsuya,西松屋,ブランチ博多パピヨンガーデン店,福岡県福岡市博多区千代一-2-1 ブランチ博多パピヨンガ-デン内1階,smart_code,https://www.24028.jp/tenpo/detail.php?cid=40&doc=1132
nishimatsuya-684,nishimatsuya,西松屋,ホームズ幕張店,千葉県習志野市芝園1-4-1 ホ-ムズ幕張内2階,smart_code,https://www.24028.jp/tenpo/detail.php?cid=12&doc=684
nishimatsuya-631,nishimatsuya,西松屋,ホームズ新川崎店,神奈川県横浜市鶴見区江ヶ崎15-30 島忠ホ-ムズ内,smart_code,https://www.24028.jp/tenpo/detail.php?cid=14&doc=631
nishimatsuya-1129,nishimatsuya,西松屋,ポップタウン住道オペラパーク店,大阪府大東市赤井1-4-3 ポップタウン住道オペラパ-ク3階,smart_code,https://www.24028.jp/tenpo/detail.php?cid=27&doc=1129
nishimatsuya-1346,nishimatsuya,西松屋,マークイズ福岡ももち店,福岡県福岡市中央区地行浜2-2-1 マ-クイズ福岡ももち 3F,smart_code,https://www.24028.jp/tenpo/detail.php?cid=40&doc=1346
nishimatsuya-750,nishimatsuya,西松屋,ミスターマックス大牟田店,福岡県大牟田市馬渡町1-1 ミスタ-マックス大牟田SC内,smart_code,https://www.24028.jp/tenpo/detail.php?cid=40&doc=750
nishimatsuya-1098,nishimatsuya,西松屋,ミスターマックス柳井店,山口県柳井市駅南1-12 ミスタ-マックスSC内,smart_code,https://www.24028.jp/tenpo/detail.php?cid=35&doc=1098
nishimatsuya-1403,nishimatsuya,西松屋,ミスターマックス湘南藤沢店,神奈川県藤沢市辻堂新町4-3-5 ミスタ-マックス湘南藤沢SC 1F,smart_code,https://www.24028.jp/tenpo/detail.php?cid=14&doc=1403
nishimatsuya-1320,nishimatsuya,西松屋,メガセンタートライアル善通寺店,香川県善通寺市金蔵寺町川添1903- メガセンタ-トライアル内,smart_code,https://www.24028.jp/tenpo/detail.php?cid=37&doc=1320
nishimatsuya-1184,nishimatsuya,西松屋,メルクス田川店,福岡県田川市大字川宮1706-1 ハイパ-モ-ルメルクス田川内,smart_code,https://www.24028.jp/tenpo/detail.php?cid=40&doc=1184
nishimatsuya-1180,nishimatsuya,西松屋,ヨドバシコクーンさいたま新都心店,埼玉県さいたま市大宮区吉敷町四-263-6 ヨドバシコク-ンさいたま新都心 コク-ン3 3階,smart_code,https://www.24028.jp/tenpo/detail.php?cid=11&doc=1180
nishimatsuya-58,nishimatsuya,西松屋,ヨークタウン中郷店,茨城県北茨城市中郷町上桜井字細谷2824 ヨ-クタウン中郷内,smart_code,https://www.24028.jp/tenpo/detail.php?cid=8&doc=58
nishimatsuya-60,nishimatsuya,西松屋,ヨークタウン坂東店,茨城県坂東市辺田1104-1 ヨ-クタウン坂東ショッピングセンタ-内,smart_code,https://www.24028.jp/tenpo/detail.php?cid=8&doc=60
nishimatsuya-1330,nishimatsuya,西松屋,ヨークタウン成島店,山形県米沢市塩野2436-1,smart_code,https://www.24028.jp/tenpo/detail.php?cid=6&doc=1330
nishimatsuya-677,nishimatsuya,西松屋,ヨークタウン結城店,茨城県結城市大字結城11839-1 ヨ-クタウンSC内,smart_code,https://www.24028.jp/tenpo/detail.php?cid=8&doc=677
nishimatsuya-665,nishimatsuya,西松屋,ライフガーデン韮崎店,山梨県韮崎市若宮2-2-23-1 ライフガ-デン韮崎内,smart_code,https://www.24028.jp/tenpo/detail.php?cid=19&doc=665
nishimatsuya-1276,nishimatsuya,西松屋,ララプレイスひうみ店,長崎県佐世保市ひうみ町1879-26,smart_code,https://www.24028.jp/tenpo/detail.php?cid=42&doc=1276
nishimatsuya-1013,nishimatsuya,西松屋,ロイヤルホームセンター奈良店,奈良県奈良市西九条町3-13 ロイヤルホ-ムセンタ-奈良2F,smart_code,https://www.24028.jp/tenpo/detail.php?cid=29&doc=1013
nishimatsuya-792,nishimatsuya,西松屋,上尾西店,埼玉県上尾市川3-6-8,smart_code,https://www.24028.jp/tenpo/detail.php?cid=11&doc=792
nishimatsuya-854,nishimatsuya,西松屋,五泉店,新潟県五泉市三本木字早出3092-,smart_code,https://www.24028.jp/tenpo/detail.php?cid=15&doc=854
nishimatsuya-872,nishimatsuya,西松屋,京丹後店,京都府京丹後市大宮町字河辺小字豊野3292-,smart_code,https://www.24028.jp/tenpo/detail.php?cid=26&doc=872
nishimatsuya-561,nishimatsuya,西松屋,京都南インター店,京都府京都市南区上鳥羽南岩ノ本町44-,smart_code,https://www.24028.jp/tenpo/detail.php?cid=26&doc=561
nishimatsuya-90,nishimatsuya,西松屋,人吉店,熊本県人吉市相良町字一丁田964-1,smart_code,https://www.24028.jp/tenpo/detail.php?cid=43&doc=90
nishimatsuya-95,nishimatsuya,西松屋,仙台上谷刈店,宮城県仙台市泉区上谷刈 1-4-11,smart_code,https://www.24028.jp/tenpo/detail.php?cid=4&doc=95
nishimatsuya-93,nishimatsuya,西松屋,仙台中田店,宮城県仙台市太白区中田町字二軒橋2-2,smart_code,https://www.24028.jp/tenpo/detail.php?cid=4&doc=93
nishimatsuya-776,nishimatsuya,西松屋,伊勢店,三重県伊勢市御薗町長屋2947,smart_code,https://www.24028.jp/tenpo/detail.php?cid=24&doc=776
nishimatsuya-698,nishimatsuya,西松屋,伊賀上野店,三重県伊賀市小田町瓜谷711-1,smart_code,https://www.24028.jp/tenpo/detail.php?cid=24&doc=698
nishimatsuya-621,nishimatsuya,西松屋,佐世保広田店,長崎県佐世保市広田4-232-2,smart_code,https://www.24028.jp/tenpo/detail.php?cid=42&doc=621
nishimatsuya-112,nishimatsuya,西松屋,佐賀兵庫店,佐賀県佐賀市兵庫南3-48-,smart_code,https://www.24028.jp/tenpo/detail.php?cid=41&doc=112
nishimatsuya-1229,nishimatsuya,西松屋,八女蒲原店,福岡県八女市蒲原榎1072-1,smart_code,https://www.24028.jp/tenpo/detail.php?cid=40&doc=1229
nishimatsuya-577,nishimatsuya,西松屋,八幡真名子店,福岡県北九州市八幡西区真名子2-4 八幡西ショッピングセンタ-内,smart_code,https://www.24028.jp/tenpo/detail.php?cid=40&doc=577
nishimatsuya-1343,nishimatsuya,西松屋,八王子オーパ店,東京都八王子市旭町1-12 八王子オ-パ4F,smart_code,https://www.24028.jp/tenpo/detail.php?cid=13&doc=1343
nishimatsuya-141,nishimatsuya,西松屋,別府やまなみ店,大分県別府市大字鶴見108-1,smart_code,https://www.24028.jp/tenpo/detail.php?cid=44&doc=141
nishimatsuya-1143,nishimatsuya,西松屋,前橋元総社町店,群馬県前橋市元総社町小見1714-,smart_code,https://www.24028.jp/tenpo/detail.php?cid=10&doc=1143
nishimatsuya-9,nishimatsuya,西松屋,千葉おゆみの店,千葉県千葉市緑区おゆみの中央9-15-8,smart_code,https://www.24028.jp/tenpo/detail.php?cid=12&doc=9
nishimatsuya-632,nishimatsuya,西松屋,南砂町スナモ店,東京都江東区新砂3-4-31 南砂町ショッピングセンタ-SUNAMO3階,smart_code,https://www.24028.jp/tenpo/detail.php?cid=13&doc=632
nishimatsuya-1061,nishimatsuya,西松屋,厚木ガーデンシティ店,神奈川県厚木市中町1-5-10 厚木ガ-デンシティ内5階,smart_code,https://www.24028.jp/tenpo/detail.php?cid=14&doc=1061
nishimatsuya-924,nishimatsuya,西松屋,名古屋なるぱーく店,愛知県名古屋市緑区浦里3-232 なるぱ-くショッピングセンタ-の2階,smart_code,https://www.24028.jp/tenpo/detail.php?cid=23&doc=924
nishimatsuya-1230,nishimatsuya,西松屋,喜多方西店,福島県喜多方市押切南2-42-1 リオンド-ル喜多方西店内,smart_code,https://www.24028.jp/tenpo/detail.php?cid=7&doc=1230
nishimatsuya-1305,nishimatsuya,西松屋,四日市日永服部家具センター店,三重県四日市市日永4-2-1 服部家具センタ-四日市本店 1階,smart_code,https://www.24028.jp/tenpo/detail.php?cid=24&doc=1305
nishimatsuya-773,nishimatsuya,西松屋,堅田店,滋賀県大津市本堅田五-1893-1,smart_code,https://www.24028.jp/tenpo/detail.php?cid=25&doc=773
nishimatsuya-1405,nishimatsuya,西松屋,多気クリスタルタウン店,三重県多気郡多気町仁田750,smart_code,https://www.24028.jp/tenpo/detail.php?cid=24&doc=1405
nishimatsuya-707,nishimatsuya,西松屋,多治見インター店,岐阜県多治見市西坂町5-31-1 多治見インタ-モ-ル内 1階,smart_code,https://www.24028.jp/tenpo/detail.php?cid=21&doc=707
nishimatsuya-220,nishimatsuya,西松屋,太田下田島ショッピングモール店,群馬県太田市下田島町1118-3 太田下田島ショッピングモ-ル内,smart_code,https://www.24028.jp/tenpo/detail.php?cid=10&doc=220
nishimatsuya-222,nishimatsuya,西松屋,太田植木野モール店,群馬県太田市植木野町185-6 ベルク植木野モ-ル内,smart_code,https://www.24028.jp/tenpo/detail.php?cid=10&doc=222
nishimatsuya-566,nishimatsuya,西松屋,宇都宮鶴田店,栃木県宇都宮市鶴田町2-39-40,smart_code,https://www.24028.jp/tenpo/detail.php?cid=9&doc=566
nishimatsuya-652,nishimatsuya,西松屋,富山五福店,富山県富山市五福字蓮骨5481-1,smart_code,https://www.24028.jp/tenpo/detail.php?cid=16&doc=652
nishimatsuya-256,nishimatsuya,西松屋,小千谷店,新潟県小千谷市大字桜町字天田2480-1 原信マ-ケットシティ小千谷内,smart_code,https://www.24028.jp/tenpo/detail.php?cid=15&doc=256
nishimatsuya-971,nishimatsuya,西松屋,小浜府中店,福井県小浜市府中8麻ヶ瀬25-1 アヤハディオ小浜府中店ペットセンタ-2F,smart_code,https://www.24028.jp/tenpo/detail.php?cid=18&doc=971
nishimatsuya-613,nishimatsuya,西松屋,小田原シティーモール店,神奈川県小田原市前川100 フレスポ小田原シティ-モ-ル内北館 1階,smart_code,https://www.24028.jp/tenpo/detail.php?cid=14&doc=613
nishimatsuya-996,nishimatsuya,西松屋,尾張旭店,愛知県尾張旭市尾張旭北原山土地区画整理事業地内第113街区1- フィ-ル三郷店 2F,smart_code,https://www.24028.jp/tenpo/detail.php?cid=23&doc=996
nishimatsuya-270,nishimatsuya,西松屋,山鹿店,熊本県山鹿市方保田字鳥越3462-1 山鹿ショッピングセンタ-内,smart_code,https://www.24028.jp/tenpo/detail.php?cid=43&doc=270
nishimatsuya-273,nishimatsuya,西松屋,岡谷店,長野県岡谷市塚間町二-1-18 岡谷ライフガ-デン内,smart_code,https://www.24028.jp/tenpo/detail.php?cid=20&doc=273
nishimatsuya-585,nishimatsuya,西松屋,島原店,長崎県島原市前浜町甲30-1,smart_code,https://www.24028.jp/tenpo/detail.php?cid=42&doc=585
nishimatsuya-851,nishimatsuya,西松屋,志布志アピア店,鹿児島県志布志市志布志町志布志3-24-1 サンポ-トしぶしアピアショッピングセンタ-内,smart_code,https://www.24028.jp/tenpo/detail.php?cid=46&doc=851
nishimatsuya-1292,nishimatsuya,西松屋,新シーズンズウォークフォルテ大河原店,宮城県柴田郡大河原町字小島2-1 シ-ズンズウォ-クフォルテ1F,smart_code,https://www.24028.jp/tenpo/detail.php?cid=4&doc=1292
nishimatsuya-1168,nishimatsuya,西松屋,新モラージュ柏店,千葉県柏市大山台2-3- モラ-ジュ柏パ-ト2内2階,smart_code,https://www.24028.jp/tenpo/detail.php?cid=12&doc=1168
nishimatsuya-1101,nishimatsuya,西松屋,新名張店,三重県名張市蔵持町芝出1301-,smart_code,https://www.24028.jp/tenpo/detail.php?cid=24&doc=1101
nishimatsuya-1140,nishimatsuya,西松屋,新坂井春江店,福井県坂井市春江町随応寺東26,smart_code,https://www.24028.jp/tenpo/detail.php?cid=18&doc=1140
nishimatsuya-922,nishimatsuya,西松屋,新宇和島店,愛媛県宇和島市祝森甲1670-1,smart_code,https://www.24028.jp/tenpo/detail.php?cid=38&doc=922
nishimatsuya-1281,nishimatsuya,西松屋,新庄五日町店,山形県新庄市五日町宮内239,smart_code,https://www.24028.jp/tenpo/detail.php?cid=6&doc=1281
nishimatsuya-312,nishimatsuya,西松屋,新津程島SC店,新潟県新潟市秋葉区程島1974-3 新津程島ショッピングセンタ-内,smart_code,https://www.24028.jp/tenpo/detail.php?cid=15&doc=312
nishimatsuya-596,nishimatsuya,西松屋,新潟錦町店,新潟県新潟市東区錦町5-26 赤道ショッピングセンタ-内,smart_code,https://www.24028.jp/tenpo/detail.php?cid=15&doc=596
nishimatsuya-1134,nishimatsuya,西松屋,日立シーマークスクエア店,茨城県日立市東滑川町5-1-3 シ-マ-クスクエア2階,smart_code,https://www.24028.jp/tenpo/detail.php?cid=8&doc=1134
nishimatsuya-328,nishimatsuya,西松屋,明石沢野店,兵庫県明石市沢野3-2-の2,smart_code,https://www.24028.jp/tenpo/detail.php?cid=28&doc=328
nishimatsuya-1378,nishimatsuya,西松屋,昭島モリタウン店,東京都昭島市代官山二-3-1 モリタウン東館2F,smart_code,https://www.24028.jp/tenpo/detail.php?cid=13&doc=1378
nishimatsuya-914,nishimatsuya,西松屋,有田古江見店,和歌山県有田市古江見68-1,smart_code,https://www.24028.jp/tenpo/detail.php?cid=30&doc=914
nishimatsuya-1302,nishimatsuya,西松屋,札幌篠路店,北海道札幌市北区太平12条1-1-1 MEGAドン・キホ-テ篠路店2F,smart_code,https://www.24028.jp/tenpo/detail.php?cid=1&doc=1302
nishimatsuya-1075,nishimatsuya,西松屋,東大洲店,愛媛県大洲市東大洲1220-6,smart_code,https://www.24028.jp/tenpo/detail.php?cid=38&doc=1075
nishimatsuya-1151,nishimatsuya,西松屋,東海荒尾店,愛知県東海市荒尾町丸根1-22 マックスバリュ東海荒尾店ショッピングセンタ-内,smart_code,https://www.24028.jp/tenpo/detail.php?cid=23&doc=1151
nishimatsuya-372,nishimatsuya,西松屋,柳川ショッピングモール店,福岡県柳川市三橋町大字藤吉510-1 柳川ショッピングモ-ル内,smart_code,https://www.24028.jp/tenpo/detail.php?cid=40&doc=372
nishimatsuya-544,nishimatsuya,西松屋,横浜青葉ガーデン桂台店,神奈川県横浜市青葉区桂台2-4-1 横浜青葉ガ-デン桂台内,smart_code,https://www.24028.jp/tenpo/detail.php?cid=14&doc=544
nishimatsuya-1065,nishimatsuya,西松屋,横芝光町店,千葉県山武郡横芝光町横芝2155-1,smart_code,https://www.24028.jp/tenpo/detail.php?cid=12&doc=1065
nishimatsuya-586,nishimatsuya,西松屋,水口店,滋賀県甲賀市水口町北脇1772-3,smart_code,https://www.24028.jp/tenpo/detail.php?cid=25&doc=586
nishimatsuya-445,nishimatsuya,西松屋,灘新在家店,兵庫県神戸市灘区新在家南町1-2-2 サザンモ-ルセカンドストリ-ト内,smart_code,https://www.24028.jp/tenpo/detail.php?cid=28&doc=445
nishimatsuya-420,nishimatsuya,西松屋,熊谷籠原店,埼玉県熊谷市大字拾六間字外原768-2 フェスティバルガ-デン内,smart_code,https://www.24028.jp/tenpo/detail.php?cid=11&doc=420
nishimatsuya-918,nishimatsuya,西松屋,田原本店,奈良県磯城郡田原本町十六面71-1 ス-パ-センタ-オ-クワ田原本インタ-店内,smart_code,https://www.24028.jp/tenpo/detail.php?cid=29&doc=918
nishimatsuya-764,nishimatsuya,西松屋,田辺店,和歌山県田辺市下万呂字裏代358-2,smart_code,https://www.24028.jp/tenpo/detail.php?cid=30&doc=764
nishimatsuya-432,nishimatsuya,西松屋,町田大蔵店,東京都町田市大蔵町557-,smart_code,https://www.24028.jp/tenpo/detail.php?cid=13&doc=432
nishimatsuya-979,nishimatsuya,西松屋,留萌潮静店,北海道留萌市潮静2-56-,smart_code,https://www.24028.jp/tenpo/detail.php?cid=1&doc=979
nishimatsuya-438,nishimatsuya,西松屋,知立上重原店,愛知県知立市上重原二-36-,smart_code,https://www.24028.jp/tenpo/detail.php?cid=23&doc=438
nishimatsuya-571,nishimatsuya,西松屋,神栖店,茨城県神栖市平泉255-28,smart_code,https://www.24028.jp/tenpo/detail.php?cid=8&doc=571
nishimatsuya-444,nishimatsuya,西松屋,福岡橋本店,福岡県福岡市西区橋本1-10-72 ミスタ-マックス橋本SC2階,smart_code,https://www.24028.jp/tenpo/detail.php?cid=40&doc=444
nishimatsuya-449,nishimatsuya,西松屋,秋田茨島SC店,秋田県秋田市茨島6-11-7 秋田茨島ショッピングセンタ-内,smart_code,https://www.24028.jp/tenpo/detail.php?cid=5&doc=449
nishimatsuya-450,nishimatsuya,西松屋,秦野中井インター店,神奈川県秦野市尾尻字宮ノ前878-1,smart_code,https://www.24028.jp/tenpo/detail.php?cid=14&doc=450
nishimatsuya-759,nishimatsuya,西松屋,稲沢下津店,愛知県稲沢市下津小井戸2-17-,smart_code,https://www.24028.jp/tenpo/detail.php?cid=23&doc=759
nishimatsuya-1324,nishimatsuya,西松屋,美濃加茂スマートタウン店,岐阜県美濃加茂市山手町一-7-1 美濃加茂スマ-トタウン内,smart_code,https://www.24028.jp/tenpo/detail.php?cid=21&doc=1324
nishimatsuya-912,nishimatsuya,西松屋,臼杵野田店,大分県臼杵市大字野田172-3,smart_code,https://www.24028.jp/tenpo/detail.php?cid=44&doc=912
nishimatsuya-478,nishimatsuya,西松屋,花田店,兵庫県姫路市花田町上原田192-1 フレッツガ-デン花田内,smart_code,https://www.24028.jp/tenpo/detail.php?cid=28&doc=478
nishimatsuya-818,nishimatsuya,西松屋,草加小山店,埼玉県草加市小山2-40-1,smart_code,https://www.24028.jp/tenpo/detail.php?cid=11&doc=818
nishimatsuya-494,nishimatsuya,西松屋,藤枝店,静岡県藤枝市小石川4-7-2,smart_code,https://www.24028.jp/tenpo/detail.php?cid=22&doc=494
nishimatsuya-1047,nishimatsuya,西松屋,行方玉造店,茨城県行方市玉造甲1785-1 カインズモ-ル玉造内,smart_code,https://www.24028.jp/tenpo/detail.php?cid=8&doc=1047
nishimatsuya-174,nishimatsuya,西松屋,豊橋大村店,愛知県豊橋市大村町53-1,smart_code,https://www.24028.jp/tenpo/detail.php?cid=23&doc=174
nishimatsuya-1062,nishimatsuya,西松屋,豊田メグリア本店,愛知県豊田市山之手8-92- メグリア本店3F,smart_code,https://www.24028.jp/tenpo/detail.php?cid=23&doc=1062
nishimatsuya-1254,nishimatsuya,西松屋,赤羽駅西パルロード2店,東京都北区赤羽西1-6-1 赤羽駅西パルロ-ド2 B1階,smart_code,https://www.24028.jp/tenpo/detail.php?cid=13&doc=1254
nishimatsuya-520,nishimatsuya,西松屋,辻井店,兵庫県姫路市東辻井1-237-1,smart_code,https://www.24028.jp/tenpo/detail.php?cid=28&doc=520
nishimatsuya-530,nishimatsuya,西松屋,釧路春採ＳＣ店,北海道釧路市春採7-1-69 春採ショッピングセンタ-内,smart_code,https://www.24028.jp/tenpo/detail.php?cid=1&doc=530
nishimatsuya-531,nishimatsuya,西松屋,鈴蘭台店,兵庫県神戸市北区山田町小部字峠谷28-2,smart_code,https://www.24028.jp/tenpo/detail.php?cid=28&doc=531
nishimatsuya-1016,nishimatsuya,西松屋,阿南店,徳島県阿南市西路見町元村1-,smart_code,https://www.24028.jp/tenpo/detail.php?cid=36&doc=1016
nishimatsuya-1374,nishimatsuya,西松屋,須坂インター店,長野県須坂市井上680-5,smart_code,https://www.24028.jp/tenpo/detail.php?cid=20&doc=1374
nishimatsuya-1301,nishimatsuya,西松屋,高岡出来田店,富山県高岡市出来田304-1,smart_code,https://www.24028.jp/tenpo/detail.php?cid=16&doc=1301
nishimatsuya-742,nishimatsuya,西松屋,鯖江店,福井県鯖江市水落2-28-28,smart_code,https://www.24028.jp/tenpo/detail.php?cid=18&doc=742
nishimatsuya-568,nishimatsuya,西松屋,鹿児島姶良店,鹿児島県姶良市西餅田3335-39 コ-プタウン敷地内,smart_code,https://www.24028.jp/tenpo/detail.php?cid=46&doc=568
nishimatsuya-575,nishimatsuya,西松屋,龍ヶ崎城南SC店,茨城県龍ヶ崎市光順田1726 城南ショッピングセンタ-内,smart_code,https://www.24028.jp/tenpo/detail.php?cid=8&doc=575
nishimatsuya-4,nishimatsuya,西松屋,ｉモール高砂店,兵庫県高砂市米田町島32-A-2 iモ-ル高砂ショッピングセンタ-内,smart_code,https://www.24028.jp/tenpo/detail.php?cid=28&doc=4
